8.963891,-0.2681506,3.7541082,4.8807362E-4,0.036103234,-0.006835913,8.9661455,-0.3784446,3.9541636,1489706340798,1
8.963891,-0.34476504,3.8307228,4.8807362E-4,0.036103234,-0.006835913,8.966871,-0.30034605,3.9592159,1489706340997,1
9.002198,-0.2681506,3.9073372,0.004153265,-0.033535406,-0.0056141824,8.971683,-0.27407822,3.9502118,1489706341213,1
9.002198,-0.22984336,3.9456444,0.0029315345,-0.002992142,-0.0031707212,8.9732485,-0.27538404,3.946564,1489706341412,1
9.040505,-0.19153613,3.86903,0.0053749955,-0.0017704107,-7.272605E-4,8.979104,-0.26913053,3.9336574,1489706341636,1
9.040505,-0.30645782,3.86903,-0.015394422,6.730482E-4,-0.0019489909,8.976407,-0.26682183,3.9399617,1489706341837,1
9.002198,-0.076614454,3.9456444,0.0102619175,0.039768424,-0.0031707212,8.973059,-0.26788813,3.947513,1489706342058,1
8.887277,-0.34476504,4.0222588,0.0017098042,-0.006657332,-0.0056141824,8.964318,-0.26634982,3.967426,1489706342258,1
9.002198,-0.30645782,3.9839516,0.0053749955,0.017777277,0.0017162007,8.958555,-0.26164573,3.980731,1489706342463,1
9.040505,-0.19153613,3.9839516,0.004153265,0.02510766,0.0017162007,8.953112,-0.26429537,3.9927835,1489706342669,1
8.963891,-0.30645782,3.9839516,0.007818457,0.011668624,4.9447035E-4,8.948406,-0.26425666,4.003323,1489706342870,1
8.963891,-0.2681506,3.9456444,0.004153265,0.0031165108,-0.0019489909,8.948362,-0.25999066,4.0037,1489706343075,1
8.887277,-0.2681506,4.098873,-0.026389996,0.047098808,0.012711775,8.942809,-0.2786834,4.014836,1489706343276,1
8.963891,-0.34476504,3.9456444,0.020035762,-0.032313675,-0.012944565,8.91789,-0.29607728,4.0686564,1489706343490,1
8.963891,-0.2681506,3.9456444,0.0029315345,0.004338242,0.0017162007,8.930053,-0.27791765,4.043179,1489706343713,1
8.963891,-0.2681506,3.9839516,0.0029315345,0.0031165108,-0.0019489909,8.931009,-0.27261883,4.0414314,1489706343918,1
8.963891,-0.30645782,3.9456444,0.0029315345,0.0031165108,-0.0019489909,8.930334,-0.27057928,4.0430574,1489706344121,1
8.963891,-0.2681506,3.9839516,0.004153265,-5.486794E-4,-0.0019489909,8.92952,-0.269878,4.0449038,1489706344322,1
8.963891,-0.2681506,3.9839516,0.0029315345,0.0055599716,0.0017162007,8.928756,-0.2676869,4.0467362,1489706344521,1
8.963891,-0.2681506,3.9839516,0.0017098042,0.006781701,4.9447035E-4,8.92796,-0.26716465,4.0485234,1489706344741,1
8.963891,-0.2681506,3.9839516,4.8807362E-4,0.011668624,-7.272605E-4,8.926878,-0.26549685,4.051019,1489706344945,1
8.963891,-0.30645782,3.9839516,0.0029315345,0.0031165108,4.9447035E-4,8.927821,-0.26156873,4.0491943,1489706345155,1
8.963891,-0.30645782,3.9839516,0.007818457,0.008003432,4.9447035E-4,8.928455,-0.2593775,4.047939,1489706345373,1
8.925584,-0.30645782,3.9839516,0.0102619175,0.0018947795,4.9447035E-4,8.928119,-0.25622985,4.0488787,1489706345615,1
8.963891,-0.2681506,3.9839516,0.004153265,0.006781701,-0.0043924516,8.925906,-0.25167847,4.0540423,1489706345814,1
8.963891,-0.2681506,3.9839516,0.004153265,0.008003432,-0.0019489909,8.926118,-0.25187457,4.053563,1489706346028,1
8.963891,-0.2681506,3.9839516,0.0017098042,-5.486794E-4,-0.0019489909,8.925744,-0.24891149,4.0545692,1489706346252,1
8.963891,-0.2681506,3.9839516,0.0017098042,0.0018947795,-0.0019489909,8.925276,-0.2426853,4.0559735,1489706346465,1
8.963891,-0.30645782,3.9839516,0.006596726,0.0055599716,-0.0019489909,8.925105,-0.24033509,4.0564923,1489706346666,1
8.963891,-0.2681506,3.9456444,0.0053749955,-0.006657332,-0.0031707212,8.924969,-0.23785672,4.056936,1489706346881,1
8.963891,-0.30645782,3.9839516,0.007818457,-0.0054356046,-0.0031707212,8.925088,-0.23514643,4.0568337,1489706347105,1
8.963891,-0.30645782,3.9839516,0.004153265,0.016555546,4.9447035E-4,8.923046,-0.23486353,4.061342,1489706347312,1
8.925584,-0.2681506,4.0222588,0.0102619175,0.008003432,-0.0019489909,8.92131,-0.2323536,4.065293,1489706347517,1
9.002198,-0.2681506,3.9839516,-0.003177118,-0.002992142,-0.0043924516,8.923346,-0.22955345,4.0609846,1489706347721,1
8.963891,-0.34476504,3.9839516,0.004153265,0.012890354,0.005381392,8.924387,-0.22839259,4.0587616,1489706347924,1
8.963891,-0.30645782,3.9073372,0.006596726,0.018999007,0.0017162007,8.922756,-0.22844476,4.0623393,1489706348143,1
8.963891,-0.30645782,4.0222588,0.004153265,0.02510766,0.0041596615,8.925061,-0.22321342,4.0575686,1489706348352,1
8.963891,-0.30645782,3.9839516,0.0017098042,0.004338242,-0.0031707212,8.927198,-0.22430165,4.0528,1489706348552,1
8.963891,-0.30645782,3.9839516,0.0029315345,-0.0054356046,0.0017162007,8.925846,-0.22181758,4.0559187,1489706348754,1
8.963891,-0.2681506,3.9839516,0.007818457,-0.0078790635,0.0017162007,8.923839,-0.22237624,4.0603023,1489706348954,1
8.963891,-0.2681506,3.9839516,0.0029315345,6.730482E-4,-0.0019489909,8.923977,-0.22021526,4.060115,1489706349155,1
8.963891,-0.2681506,3.9839516,0.004153265,-5.486794E-4,4.9447035E-4,8.924011,-0.21846476,4.0601354,1489706349375,1
8.963891,-0.30645782,3.9839516,0.004153265,0.006781701,0.005381392,8.921493,-0.21632512,4.0657754,1489706349592,1
8.963891,-0.30645782,4.0222588,0.0053749955,0.0031165108,4.9447035E-4,8.921284,-0.21425153,4.0663447,1489706349804,1
8.963891,-0.30645782,3.9456444,0.0029315345,-0.0042138733,-0.0056141824,8.919645,-0.21510144,4.069894,1489706350003,1
8.963891,-0.2681506,3.9839516,4.8807362E-4,-0.009100795,-0.0056141824,8.920105,-0.21255657,4.069018,1489706350224,1
8.963891,-0.2681506,3.9839516,0.0029315345,0.008003432,0.0017162007,8.919712,-0.20799628,4.070115,1489706350432,1
8.963891,-0.2681506,3.9839516,0.007818457,0.0018947795,-0.0043924516,8.92005,-0.20418899,4.0695677,1489706350634,1
9.002198,-0.30645782,3.9839516,0.0053749955,0.006781701,-0.0043924516,8.917454,-0.19845425,4.075538,1489706350839,1
8.963891,-0.30645782,3.9456444,0.0053749955,-0.002992142,-7.272605E-4,8.916434,-0.19809243,4.077785,1489706351043,1
8.963891,-0.30645782,3.9839516,0.006596726,-0.0042138733,-0.0019489909,8.917002,-0.195631,4.076665,1489706351242,1
8.963891,-0.2681506,3.9839516,0.0053749955,0.004338242,-7.272605E-4,8.916864,-0.19372489,4.0770555,1489706351443,1
8.963891,-0.2681506,3.9456444,0.0053749955,-0.006657332,-0.0019489909,8.915912,-0.19130072,4.0792556,1489706351645,1
8.963891,-0.30645782,3.9839516,0.009040187,0.008003432,0.0017162007,8.915322,-0.18706849,4.0807357,1489706351845,1
8.963891,-0.30645782,3.9839516,0.004153265,0.004338242,-0.0019489909,8.911462,-0.18660466,4.089184,1489706352090,1
8.963891,-0.30645782,3.9456444,4.8807362E-4,0.008003432,-0.0043924516,8.911043,-0.1857162,4.090131,1489706352289,1
8.963891,-0.22984336,3.9073372,0.0017098042,-0.0078790635,-0.0043924516,8.912109,-0.18438627,4.087875,1489706352509,1
8.963891,-0.22984336,3.9839516,0.0029315345,0.006781701,4.9447035E-4,8.908549,-0.18368542,4.0956554,1489706352719,1
8.925584,-0.30645782,3.9456444,-7.3365687E-4,0.0018947795,-0.0031707212,8.907578,-0.18794616,4.097575,1489706352925,1
8.963891,-0.30645782,4.0222588,0.0017098042,0.021442467,-0.0043924516,8.908686,-0.186524,4.095232,1489706353132,1
8.963891,-0.2681506,4.0222588,0.004153265,0.009225164,-0.0019489909,8.905903,-0.18791604,4.1012144,1489706353351,1
8.963891,-0.2681506,3.9839516,0.004153265,6.730482E-4,-7.272605E-4,8.905791,-0.18894553,4.1014113,1489706353556,1
8.963891,-0.30645782,4.0222588,0.0102619175,0.008003432,-7.272605E-4,8.903698,-0.18428193,4.1061654,1489706353762,1
8.963891,-0.2681506,3.9839516,0.009040187,-0.009100795,-0.0031707212,8.902566,-0.18219051,4.108712,1489706353961,1
8.963891,-0.30645782,3.9839516,0.0029315345,6.730482E-4,-0.0043924516,8.903241,-0.17951924,4.107368,1489706354186,1
8.963891,-0.30645782,3.9839516,0.0029315345,0.008003432,4.9447035E-4,8.901364,-0.17854367,4.111475,1489706354396,1
8.963891,-0.2681506,3.9839516,0.0053749955,0.008003432,0.0017162007,8.899305,-0.17549773,4.1160617,1489706354601,1
8.963891,-0.2681506,3.9456444,4.8807362E-4,-0.009100795,-0.0019489909,8.896014,-0.1748229,4.1231966,1489706354830,1
8.963891,-0.30645782,3.9839516,-0.0019553874,0.004338242,-0.0019489909,8.89763,-0.17236105,4.1198173,1489706355041,1
8.963891,-0.2681506,3.9839516,0.004153265,-0.0017704107,0.0017162007,8.894699,-0.17166546,4.126166,1489706355272,1
9.002198,-0.30645782,3.9839516,-7.3365687E-4,0.006781701,-7.272605E-4,8.896668,-0.16980508,4.1219945,1489706355472,1
8.963891,-0.30645782,3.9839516,0.007818457,0.006781701,-0.0019489909,8.895267,-0.17110871,4.1249647,1489706355673,1
8.963891,-0.30645782,3.9839516,0.004153265,6.730482E-4,-0.009279374,8.893437,-0.16936785,4.12898,1489706355880,1
8.963891,-0.30645782,3.9839516,0.004153265,-0.0078790635,-0.0056141824,8.890678,-0.16687354,4.135017,1489706356080,1
8.925584,-0.2681506,3.9839516,0.0029315345,0.004338242,-0.0043924516,8.892156,-0.16607465,4.1318746,1489706356283,1
9.002198,-0.2681506,3.9839516,-0.0043988484,0.0055599716,0.002937931,8.891058,-0.16364539,4.1343303,1489706356503,1
8.925584,-0.22984336,3.9839516,0.0017098042,0.0031165108,-7.272605E-4,8.890495,-0.16076471,4.135653,1489706356702,1
8.963891,-0.30645782,3.9839516,0.007818457,0.004338242,-0.0031707212,8.890282,-0.16036767,4.1361294,1489706356913,1
8.963891,-0.30645782,3.9839516,0.006596726,0.010446893,-0.0043924516,8.888336,-0.15829146,4.1403894,1489706357112,1
8.963891,-0.30645782,4.0222588,0.0053749955,0.004338242,0.002937931,8.887882,-0.15393487,4.141525,1489706357322,1
9.002198,-0.30645782,3.9839516,4.8807362E-4,0.009225164,-0.0019489909,8.885704,-0.14868163,4.146389,1489706357523,1
8.963891,-0.30645782,3.9839516,0.004153265,-0.0078790635,-0.0043924516,8.88695,-0.1482634,4.143736,1489706357727,1
8.963891,-0.2681506,3.9456444,0.007818457,-0.0042138733,0.005381392,8.884399,-0.14774331,4.1492186,1489706357951,1
8.963891,-0.30645782,3.9839516,0.0017098042,0.006781701,4.9447035E-4,8.883411,-0.14528584,4.1514196,1489706358152,1
8.963891,-0.2681506,3.9839516,0.0053749955,0.0031165108,-0.0031707212,8.882856,-0.1437712,4.152661,1489706358360,1
8.963891,-0.2681506,4.0222588,0.0053749955,0.010446893,-7.272605E-4,8.882473,-0.14208193,4.1535397,1489706358563,1
8.963891,-0.2681506,3.9456444,4.8807362E-4,0.0018947795,-0.0019489909,8.879984,-0.14189094,4.158865,1489706358765,1
8.963891,-0.2681506,3.9839516,0.006596726,-0.0042138733,-0.006835913,8.878552,-0.14033873,4.161968,1489706358968,1
8.963891,-0.2681506,3.9839516,0.004153265,0.011668624,4.9447035E-4,8.87912,-0.13776538,4.1608477,1489706359185,1
8.963891,-0.2681506,3.9839516,0.0029315345,0.012890354,0.0017162007,8.876162,-0.13972777,4.1670876,1489706359393,1
8.963891,-0.30645782,3.9839516,0.007818457,0.0018947795,-0.0031707212,8.876269,-0.13593598,4.166986,1489706359631,1
8.963891,-0.2681506,3.9456444,0.0017098042,-0.009100795,-0.0031707212,8.874612,-0.13312691,4.1706014,1489706359839,1
8.963891,-0.30645782,3.9456444,0.0053749955,0.004338242,-0.0019489909,8.87559,-0.13128464,4.1685805,1489706360040,1
8.963891,-0.30645782,3.9839516,0.0017098042,0.008003432,-7.272605E-4,8.87581,-0.123266466,4.168357,1489706360275,1
8.925584,-0.2681506,3.9456444,0.0102619175,-0.006657332,-0.0031707212,8.876096,-0.12181158,4.167791,1489706360474,1
8.963891,-0.2681506,3.9839516,0.004153265,0.0055599716,0.0017162007,8.875025,-0.11840733,4.1701684,1489706360714,1
8.963891,-0.2681506,3.9839516,0.0029315345,6.730482E-4,-0.0031707212,8.874258,-0.11607231,4.171863,1489706360924,1
8.963891,-0.30645782,3.9839516,0.0029315345,-0.0054356046,-0.0019489909,8.872967,-0.11321356,4.174691,1489706361155,1
8.963891,-0.30645782,3.9839516,0.007818457,0.0031165108,-0.0031707212,8.872124,-0.10989012,4.176568,1489706361370,1
8.963891,-0.30645782,3.9839516,0.006596726,0.009225164,-0.0019489909,8.87173,-0.106143914,4.1775,1489706361593,1
8.963891,-0.30645782,3.9456444,0.004153265,0.0018947795,0.0017162007,8.86938,-0.10397899,4.182546,1489706361798,1
8.963891,-0.2681506,3.9839516,4.8807362E-4,0.004338242,-0.0031707212,8.869921,-0.100383304,4.1814833,1489706362003,1
8.963891,-0.2681506,3.9839516,-0.0019553874,0.0031165108,0.0041596615,8.86691,-0.103094466,4.1877985,1489706362231,1
8.963891,-0.2681506,3.9839516,0.0053749955,0.0055599716,-0.0019489909,8.866019,-0.1052268,4.1896324,1489706362444,1
8.963891,-0.2681506,3.9839516,-0.0019553874,0.0031165108,-0.0031707212,8.863895,-0.10530177,4.1941247,1489706362643,1
8.925584,-0.2681506,3.9839516,0.004153265,0.008003432,-7.272605E-4,8.864346,-0.102496356,4.193239,1489706362851,1
8.963891,-0.30645782,3.9839516,0.0029315345,0.0031165108,0.0017162007,8.863294,-0.097486414,4.1955853,1489706363051,1
8.963891,-0.2681506,3.9839516,0.0029315345,0.0031165108,-0.0056141824,8.864479,-0.09688757,4.1930914,1489706363253,1
8.963891,-0.2681506,3.9839516,0.004153265,-0.010322526,4.9447035E-4,8.866652,-0.094471306,4.1885533,1489706363459,1
8.963891,-0.30645782,4.0222588,0.006596726,-5.486794E-4,-0.0031707212,8.865578,-0.09521233,4.1908073,1489706363658,1
8.963891,-0.2681506,3.9839516,-0.0019553874,0.006781701,0.002937931,8.863866,-0.09689897,4.194388,1489706363874,1
8.963891,-0.30645782,3.9839516,4.8807362E-4,0.0018947795,0.0017162007,8.865955,-0.09225962,4.1900744,1489706364135,1
8.963891,-0.30645782,3.9839516,0.0017098042,0.0055599716,0.0017162007,8.8651705,-0.08776158,4.1918306,1489706364330,1
8.963891,-0.30645782,4.0222588,4.8807362E-4,-0.002992142,0.002937931,8.864527,-0.09124694,4.193116,1489706364532,1
8.963891,-0.30645782,3.9839516,0.0053749955,-0.002992142,0.0017162007,8.866547,-0.09241876,4.1888204,1489706364742,1
8.963891,-0.30645782,3.9456444,0.0053749955,-0.009100795,-0.0056141824,8.865094,-0.088132314,4.191986,1489706364945,1
8.963891,-0.30645782,4.0222588,0.0053749955,0.017777277,0.0041596615,8.866204,-0.08625615,4.1896744,1489706365150,1
8.963891,-0.30645782,3.9839516,0.0017098042,0.010446893,-7.272605E-4,8.865197,-0.08450959,4.1918383,1489706365359,1
8.925584,-0.30645782,3.9839516,0.0029315345,0.004338242,-0.0043924516,8.863951,-0.08198899,4.1945257,1489706365559,1
8.963891,-0.30645782,3.9839516,0.0029315345,-0.0078790635,4.9447035E-4,8.865334,-0.078778796,4.191659,1489706365771,1
8.963891,-0.30645782,3.9839516,0.0017098042,0.014112085,-0.0019489909,8.861955,-0.07630115,4.1988463,1489706365971,1
8.963891,-0.30645782,3.9839516,0.009040187,-0.0054356046,-0.0043924516,8.861495,-0.070302784,4.1999207,1489706366184,1
9.002198,-0.2681506,3.9839516,4.8807362E-4,0.011668624,-7.272605E-4,8.859854,-0.06637728,4.203448,1489706366414,1
8.963891,-0.2681506,3.9456444,0.0053749955,-0.0078790635,-0.0031707212,8.860462,-0.06191037,4.2022357,1489706366623,1
8.963891,-0.2681506,3.9839516,0.004153265,-0.0042138733,-0.006835913,8.859075,-0.058989365,4.2052007,1489706366822,1
8.963891,-0.2681506,3.9839516,0.007818457,0.008003432,-0.0043924516,8.857214,-0.056808222,4.209148,1489706367031,1
8.963891,-0.2681506,3.9839516,0.004153265,-0.0042138733,-7.272605E-4,8.8570795,-0.056356385,4.209436,1489706367232,1
8.963891,-0.2681506,3.9839516,0.0053749955,-0.0054356046,-0.009279374,8.856252,-0.053564124,4.211212,1489706367475,1
8.963891,-0.30645782,3.9839516,0.007818457,-0.0054356046,-0.0043924516,8.855859,-0.049630146,4.21209,1489706367664,1
8.963891,-0.30645782,4.0222588,0.0053749955,0.006781701,-0.0019489909,8.857655,-0.04336904,4.208382,1489706367876,1
8.963891,-0.30645782,3.9839516,-0.0043988484,0.022664199,0.002937931,8.855464,-0.040783264,4.213011,1489706368105,1
8.963891,-0.30645782,4.0222588,0.0029315345,-0.009100795,-0.0043924516,8.858755,-0.038387306,4.206112,1489706368333,1
9.002198,-0.2681506,4.0222588,0.009040187,0.021442467,0.010268314,8.860282,-0.041533057,4.202865,1489706368542,1
8.963891,-0.22984336,3.9456444,0.0053749955,-0.002992142,-0.0043924516,8.857045,-0.042520314,4.2096715,1489706368750,1
8.963891,-0.30645782,3.9839516,0.0053749955,-0.009100795,-0.0019489909,8.8572855,-0.03979352,4.2091923,1489706368971,1
8.963891,-0.19153613,3.9839516,0.0017098042,0.0031165108,-0.010501104,8.858147,-0.03729308,4.2074,1489706369184,1
9.002198,-0.2681506,4.0222588,-7.3365687E-4,0.014112085,-0.0031707212,8.854598,-0.037446667,4.2148604,1489706369384,1
8.963891,-0.30645782,4.0222588,4.8807362E-4,0.015333815,-7.272605E-4,8.854328,-0.03611337,4.2154417,1489706369585,1
8.963891,-0.2681506,3.9839516,0.004153265,0.004338242,-7.272605E-4,8.855193,-0.03373977,4.2136464,1489706369784,1
8.963891,-0.30645782,3.9839516,0.0017098042,0.0031165108,-0.0019489909,8.855224,-0.033473376,4.2135797,1489706370030,1
8.963891,-0.30645782,3.9456444,0.004153265,-0.002992142,4.9447035E-4,8.8562,-0.032642335,4.2115374,1489706370232,1
8.963891,-0.30645782,3.9839516,0.0017098042,0.0055599716,0.002937931,8.856845,-0.033409957,4.2101746,1489706370466,1
8.963891,-0.2681506,3.9839516,-7.3365687E-4,0.006781701,-0.0031707212,8.857455,-0.034492493,4.2088804,1489706370669,1
8.963891,-0.2681506,4.0222588,0.004153265,-0.0042138733,-0.0043924516,8.858451,-0.031270605,4.206814,1489706370877,1
9.002198,-0.2681506,3.9839516,0.0017098042,0.010446893,-0.0043924516,8.8571205,-0.029285131,4.209622,1489706371092,1
8.963891,-0.2681506,3.9456444,0.004153265,-0.006657332,-7.272605E-4,8.857323,-0.029192485,4.2092023,1489706371305,1
8.963891,-0.30645782,3.9839516,0.0017098042,0.006781701,-7.272605E-4,8.857755,-0.027965281,4.208299,1489706371510,1
8.963891,-0.2681506,3.9839516,0.007818457,6.730482E-4,4.9447035E-4,8.859388,-0.027520314,4.204863,1489706371711,1
8.963891,-0.2681506,3.9839516,-0.003177118,0.008003432,0.0017162007,8.857762,-0.028574353,4.20828,1489706371913,1
8.963891,-0.2681506,4.0222588,-7.3365687E-4,-0.0017704107,-0.0043924516,8.856059,-0.0318053,4.21184,1489706372150,1
8.963891,-0.30645782,3.9839516,0.0053749955,0.0018947795,-0.0031707212,8.855758,-0.028444005,4.212497,1489706372375,1
8.963891,-0.2681506,3.9839516,4.8807362E-4,0.004338242,-0.0043924516,8.855225,-0.03228139,4.21359,1489706372581,1
8.963891,-0.2681506,3.9839516,0.0029315345,6.730482E-4,-7.272605E-4,8.854507,-0.034590982,4.215079,1489706372782,1
8.963891,-0.30645782,4.0222588,0.004153265,-5.486794E-4,-0.0019489909,8.854786,-0.036533643,4.2144804,1489706372985,1
8.963891,-0.30645782,3.9839516,0.0029315345,6.730482E-4,-0.0043924516,8.85551,-0.037427228,4.2129464,1489706373189,1
8.963891,-0.2681506,4.0222588,4.8807362E-4,-0.0078790635,-0.008057644,8.856399,-0.038794134,4.211065,1489706373391,1
8.963891,-0.2681506,3.9839516,0.0029315345,-0.0054356046,-0.006835913,8.857212,-0.03732348,4.2093706,1489706373598,1
8.963891,-0.2681506,4.0222588,0.0053749955,6.730482E-4,-7.272605E-4,8.857419,-0.03244579,4.208977,1489706373799,1
8.963891,-0.30645782,4.0222588,0.004153265,-0.0042138733,-0.0019489909,8.856194,-0.030191287,4.2115707,1489706373999,1
8.963891,-0.2681506,4.0222588,0.0029315345,-0.0017704107,-0.0031707212,8.857744,-0.026520489,4.2083344,1489706374200,1
8.963891,-0.2681506,3.9839516,0.0017098042,0.0055599716,0.002937931,8.858307,-0.025625002,4.2071533,1489706374432,1
8.963891,-0.30645782,3.9839516,-7.3365687E-4,-0.0017704107,-0.0019489909,8.857207,-0.025625732,4.209464,1489706374634,1
8.963891,-0.30645782,4.0222588,0.004153265,-0.006657332,-0.0019489909,8.856985,-0.020863486,4.209961,1489706374833,1
8.963891,-0.30645782,4.0222588,0.006596726,-5.486794E-4,-0.0043924516,8.858541,-0.020035073,4.2066927,1489706375035,1
8.963891,-0.30645782,3.9456444,0.0029315345,0.0018947795,-0.0031707212,8.858676,-0.01629457,4.206421,1489706375238,1
8.963891,-0.2681506,3.9456444,0.0017098042,6.730482E-4,-7.272605E-4,8.858089,-0.015429332,4.2076607,1489706375455,1
8.963891,-0.30645782,3.9839516,0.007818457,-0.0017704107,-0.0043924516,8.859544,-0.014098522,4.2045994,1489706375656,1
8.963891,-0.30645782,4.0222588,0.0029315345,0.0031165108,-7.272605E-4,8.858587,-0.012439211,4.206622,1489706375875,1
8.963891,-0.30645782,3.9839516,0.0053749955,-0.0017704107,0.0017162007,8.85811,-0.013237521,4.2076235,1489706376080,1
8.963891,-0.2681506,4.0222588,0.0017098042,0.011668624,-7.272605E-4,8.859166,-0.011571926,4.2054043,1489706376294,1
8.963891,-0.30645782,3.9839516,0.004153265,0.012890354,-7.272605E-4,8.859487,-0.0057364977,4.2047377,1489706376523,1
8.963891,-0.2681506,3.9839516,0.0029315345,0.0055599716,-0.0043924516,8.8603945,-0.0026306408,4.202832,1489706376757,1
8.963891,-0.30645782,3.9839516,0.0053749955,-0.009100795,-7.272605E-4,8.859034,-0.0021161153,4.2056966,1489706376993,1
8.925584,-0.30645782,3.9839516,0.0017098042,0.010446893,4.9447035E-4,8.857564,-3.163725E-4,4.2087936,1489706377195,1
8.963891,-0.30645782,3.9839516,0.0053749955,0.015333815,0.002937931,8.859914,8.07517E-4,4.203845,1489706377394,1
8.963891,-0.30645782,3.9839516,-7.3365687E-4,0.015333815,0.0017162007,8.859169,0.0033311902,4.205411,1489706377610,1
8.963891,-0.2681506,3.9839516,0.0053749955,-5.486794E-4,-0.0019489909,8.859843,0.005957009,4.203988,1489706377832,1
8.963891,-0.30645782,3.9839516,0.009040187,-0.0017704107,4.9447035E-4,8.858838,0.006988398,4.206104,1489706378033,1
8.963891,-0.30645782,3.9839516,0.006596726,-0.0017704107,4.9447035E-4,8.85711,0.0076649818,4.209743,1489706378235,1
8.963891,-0.2681506,4.0222588,0.004153265,0.009225164,-7.272605E-4,8.858421,0.0084483875,4.2069798,1489706378437,1
8.963891,-0.2681506,4.0222588,-0.0019553874,0.012890354,0.0017162007,8.858268,0.01053323,4.2072964,1489706378637,1
8.963891,-0.2681506,3.9839516,0.004153265,-0.002992142,4.9447035E-4,8.857179,0.012057079,4.2095866,1489706378854,1
8.963891,-0.2681506,3.9839516,0.0017098042,-0.0054356046,0.002937931,8.858465,0.015405221,4.2068677,1489706379073,1
8.963891,-0.2681506,3.9839516,4.8807362E-4,0.004338242,0.002937931,8.85889,0.015425387,4.205976,1489706379272,1
8.963891,-0.30645782,3.9839516,0.0053749955,0.0055599716,-7.272605E-4,8.858625,0.013917174,4.2065396,1489706379482,1
8.963891,-0.30645782,3.9839516,0.004153265,-0.0042138733,-0.0056141824,8.858665,0.017875703,4.206436,1489706379691,1
8.963891,-0.30645782,3.9839516,0.0053749955,6.730482E-4,4.9447035E-4,8.857826,0.017671412,4.208206,1489706379891,1
8.963891,-0.30645782,3.9839516,-7.3365687E-4,6.730482E-4,-0.0019489909,8.856944,0.017050795,4.2100635,1489706380096,1
8.963891,-0.2681506,4.0222588,0.0053749955,-0.002992142,-0.0031707212,8.856901,0.019934535,4.210143,1489706380321,1
8.963891,-0.2681506,4.0222588,0.0017098042,0.009225164,4.9447035E-4,8.858149,0.023689358,4.207496,1489706380529,1
8.963891,-0.30645782,3.9839516,4.8807362E-4,0.011668624,-7.272605E-4,8.857569,0.025645606,4.208708,1489706380755,1
8.963891,-0.30645782,3.9839516,0.004153265,0.009225164,4.9447035E-4,8.858081,0.029156245,4.2076025,1489706380975,1
8.963891,-0.2681506,3.9839516,0.0053749955,0.011668624,0.0017162007,8.856191,0.028821606,4.2115803,1489706381193,1
8.963891,-0.30645782,3.9839516,0.007818457,-0.0017704107,0.0017162007,8.857096,0.028509764,4.209682,1489706381394,1
8.963891,-0.30645782,3.9839516,0.0029315345,0.0018947795,-0.0056141824,8.858614,0.034010697,4.2064486,1489706381598,1
8.963891,-0.30645782,3.9839516,0.007818457,0.0018947795,-0.0043924516,8.859399,0.035211746,4.204787,1489706381802,1
8.963891,-0.30645782,3.9839516,0.0017098042,0.0031165108,4.9447035E-4,8.858378,0.036028616,4.206926,1489706382002,1
8.963891,-0.30645782,3.9839516,0.004153265,0.004338242,-7.272605E-4,8.857097,0.037956808,4.209604,1489706382234,1
8.963891,-0.2681506,4.0222588,0.0029315345,0.012890354,-7.272605E-4,8.857067,0.040769525,4.209644,1489706382454,1
8.963891,-0.2681506,3.9839516,0.004153265,-0.0078790635,4.9447035E-4,8.856757,0.03816972,4.210319,1489706382670,1
8.963891,-0.2681506,3.9839516,-0.003177118,6.730482E-4,4.9447035E-4,8.856964,0.035554715,4.209904,1489706382874,1
8.963891,-0.2681506,3.9839516,0.0017098042,0.008003432,4.9447035E-4,8.856774,0.035094548,4.210306,1489706383083,1
8.963891,-0.2681506,3.9839516,0.006596726,-0.0042138733,-0.0031707212,8.858425,0.039791036,4.2067924,1489706383293,1
8.963891,-0.30645782,4.0222588,0.0053749955,0.0055599716,-0.0019489909,8.858788,0.041567836,4.206014,1489706383494,1
8.963891,-0.30645782,3.9839516,0.004153265,0.004338242,-0.0043924516,8.858073,0.043597005,4.2074943,1489706383714,1
8.963891,-0.2681506,3.9839516,0.004153265,0.0031165108,-7.272605E-4,8.857034,0.04253215,4.2096977,1489706383918,1
8.963891,-0.2681506,4.0222588,0.007818457,0.014112085,-0.0031707212,8.858399,0.04788798,4.2067604,1489706384122,1
8.963891,-0.2681506,3.9839516,0.0053749955,-0.0042138733,-0.0019489909,8.856696,0.048705287,4.2103386,1489706384339,1
8.925584,-0.2681506,3.9839516,0.0053749955,-5.486794E-4,4.9447035E-4,8.857501,0.047843847,4.208656,1489706384539,1
8.963891,-0.30645782,3.9839516,0.004153265,0.011668624,0.0041596615,8.859338,0.05096885,4.2047477,1489706384793,1
8.925584,-0.2681506,3.9839516,0.004153265,0.008003432,4.9447035E-4,8.858294,0.053597882,4.206914,1489706384994,1
8.963891,-0.30645782,3.9839516,0.0029315345,6.730482E-4,-7.272605E-4,8.8597355,0.060408145,4.203787,1489706385195,1
8.963891,-0.2681506,3.9839516,0.0029315345,0.010446893,-0.0043924516,8.860722,0.063333675,4.2016664,1489706385397,1
8.925584,-0.2681506,3.9839516,-7.3365687E-4,-0.0017704107,-0.0019489909,8.86084,0.06718144,4.201357,1489706385600,1
8.963891,-0.2681506,3.9839516,0.004153265,6.730482E-4,-0.006835913,8.859866,0.070253834,4.2033606,1489706385811,1
8.963891,-0.2681506,4.0222588,0.004153265,0.006781701,-0.0043924516,8.858292,0.06993571,4.2066774,1489706386042,1
8.963891,-0.2681506,4.0222588,0.009040187,6.730482E-4,0.0017162007,8.857533,0.07157909,4.2082486,1489706386250,1
8.963891,-0.2681506,4.0222588,0.006596726,0.008003432,0.0041596615,8.859927,0.07384689,4.2031693,1489706386476,1
8.963891,-0.2681506,3.9839516,-7.3365687E-4,6.730482E-4,-0.0043924516,8.859411,0.07496537,4.2042356,1489706386678,1
8.925584,-0.2681506,3.9839516,0.0029315345,-0.0042138733,-0.0043924516,8.86148,0.07447949,4.1998844,1489706386891,1
8.963891,-0.2681506,4.0222588,4.8807362E-4,-0.0213181,-0.0031707212,8.863362,0.07564035,4.1958866,1489706387100,1
8.963891,-0.30645782,4.0222588,-7.3365687E-4,0.009225164,-0.0031707212,8.859932,0.076589465,4.2031093,1489706387319,1
8.963891,-0.2681506,3.9839516,0.011483648,-0.0078790635,0.005381392,8.86223,0.07835852,4.1982284,1489706387553,1
8.963891,-0.30645782,4.0222588,0.004153265,-0.009100795,-0.0019489909,8.862427,0.07552724,4.1978664,1489706387759,1
8.963891,-0.30645782,3.9839516,4.8807362E-4,0.015333815,4.9447035E-4,8.860142,0.070895344,4.2027693,1489706387981,1
8.963891,-0.2681506,3.9839516,0.004153265,-0.0054356046,-0.0043924516,8.8606205,0.06987389,4.2017765,1489706388192,1
8.963891,-0.2681506,4.0222588,0.004153265,0.016555546,-7.272605E-4,8.862147,0.07299583,4.198497,1489706388393,1
8.963891,-0.2681506,4.0222588,0.004153265,0.010446893,-0.0019489909,8.861696,0.071396284,4.19948,1489706388606,1
8.963891,-0.2681506,3.9839516,0.004153265,0.0055599716,4.9447035E-4,8.859336,0.07174334,4.204453,1489706388821,1
8.963891,-0.2681506,3.9839516,0.004153265,-0.006657332,-0.0043924516,8.859053,0.07398615,4.2050047,1489706389021,1
8.963891,-0.30645782,4.0222588,0.004153265,0.0031165108,-0.0019489909,8.860881,0.076584205,4.201106,1489706389246,1
8.963891,-0.30645782,4.0222588,0.0029315345,0.010446893,0.002937931,8.859541,0.07807006,4.2039046,1489706389450,1
8.963891,-0.2681506,3.9839516,0.007818457,0.004338242,-0.0019489909,8.859804,0.08318506,4.203256,1489706389651,1
8.963891,-0.2681506,4.0222588,4.8807362E-4,-0.006657332,-0.0056141824,8.860674,0.0871075,4.2013416,1489706389866,1
8.963891,-0.2681506,4.0222588,0.007818457,0.010446893,0.0017162007,8.860961,0.08549422,4.200769,1489706390095,1
8.963891,-0.30645782,3.9839516,-7.3365687E-4,0.010446893,-0.0019489909,8.858975,0.0845717,4.2049704,1489706390305,1
8.925584,-0.2681506,3.9839516,0.0029315345,-0.015209448,-0.0043924516,8.8573675,0.08491233,4.208349,1489706390507,1
8.963891,-0.30645782,4.0222588,0.009040187,0.0018947795,4.9447035E-4,8.858104,0.08575331,4.2067842,1489706390723,1
8.963891,-0.30645782,4.0222588,-7.3365687E-4,0.015333815,4.9447035E-4,8.856174,0.08514804,4.210855,1489706390933,1
8.963891,-0.30645782,4.0222588,0.0029315345,0.006781701,0.002937931,8.855421,0.087589435,4.212389,1489706391134,1
8.925584,-0.30645782,3.9839516,0.009040187,0.0018947795,4.9447035E-4,8.857199,0.087534495,4.208653,1489706391361,1
8.963891,-0.30645782,3.9839516,0.0053749955,0.016555546,0.005381392,8.85487,0.084680565,4.21361,1489706391577,1
8.963891,-0.30645782,4.0222588,4.8807362E-4,0.006781701,0.0017162007,8.856861,0.08590923,4.209398,1489706391785,1
8.963891,-0.30645782,4.0222588,0.007818457,0.011668624,-7.272605E-4,8.85669,0.08686478,4.209733,1489706391991,1
8.963891,-0.2681506,3.9839516,0.006596726,-0.006657332,-0.0056141824,8.854478,0.0849002,4.214429,1489706392190,1
8.925584,-0.2681506,3.9839516,0.009040187,-0.0054356046,4.9447035E-4,8.856696,0.08573329,4.2097464,1489706392391,1
8.963891,-0.2681506,3.9839516,0.004153265,0.006781701,-0.0043924516,8.856463,0.0877477,4.2101974,1489706392613,1
8.963891,-0.30645782,4.060566,-0.003177118,0.011668624,-0.0019489909,8.8561535,0.08609745,4.2108793,1489706392824,1
8.963891,-0.30645782,3.9456444,0.004153265,0.0018947795,0.002937931,8.859215,0.08389307,4.2044806,1489706393031,1
8.963891,-0.30645782,3.9456444,0.0053749955,0.004338242,-0.0043924516,8.861166,0.084034376,4.200367,1489706393253,1
8.925584,-0.30645782,3.9456444,0.0029315345,-0.017652906,-0.008057644,8.861251,0.08902795,4.2000837,1489706393454,1
9.002198,-0.22984336,3.9456444,0.006596726,-0.002992142,-0.0056141824,8.862044,0.08906258,4.198406,1489706393662,1
8.963891,-0.30645782,3.9839516,-0.003177118,-0.009100795,4.9447035E-4,8.864751,0.08935133,4.1926837,1489706393863,1
8.925584,-0.30645782,3.9839516,0.012705378,0.0031165108,0.013933506,8.866801,0.08836568,4.1883645,1489706394070,1
9.002198,-0.38307226,3.9839516,0.0102619175,-0.002992142,0.006603122,8.86542,0.083463736,4.191391,1489706394273,1
8.963891,-0.15322891,4.0222588,-0.00806404,0.02999458,-0.0019489909,8.865701,0.07904314,4.190885,1489706394473,1
8.963891,-0.34476504,3.9456444,0.0102619175,0.017777277,4.9447035E-4,8.866993,0.08083236,4.1881146,1489706394695,1
8.963891,-0.34476504,3.9839516,0.004153265,-0.010322526,-0.0019489909,8.866827,0.08007497,4.1884766,1489706394896,1
8.963891,-0.2681506,3.9456444,0.007818457,-0.0042138733,4.9447035E-4,8.868025,0.08202581,4.185901,1489706395097,1
8.963891,-0.2681506,3.9456444,0.009040187,-5.486794E-4,-0.0031707212,8.869049,0.08364859,4.1837015,1489706395296,1
8.925584,-0.38307226,4.0222588,-0.003177118,0.018999007,-0.008057644,8.871208,0.08324513,4.179129,1489706395496,1
9.002198,-0.2681506,4.060566,-0.0043988484,0.0031165108,-0.012944565,8.866943,0.08958412,4.188038,1489706395698,1
8.887277,-0.2681506,3.9456444,4.8807362E-4,0.037324965,4.9447035E-4,8.862933,0.088238694,4.1965513,1489706395915,1
8.963891,-0.30645782,3.9456444,0.0017098042,0.0031165108,-0.0043924516,8.866013,0.09134908,4.189974,1489706396132,1
8.963891,-0.30645782,3.9839516,0.0029315345,0.010446893,-7.272605E-4,8.865994,0.08981603,4.1900425,1489706396343,1
8.925584,-0.30645782,3.9839516,0.006596726,6.730482E-4,-0.0031707212,8.863753,0.08780235,4.1948256,1489706396575,1
8.963891,-0.30645782,3.9839516,0.0053749955,6.730482E-4,0.002937931,8.863786,0.08780308,4.1947594,1489706396775,1
8.963891,-0.30645782,3.9839516,0.004153265,0.0031165108,0.0017162007,8.863992,0.08791458,4.1943197,1489706396976,1
8.963891,-0.2681506,3.9839516,0.004153265,-0.002992142,-7.272605E-4,8.866353,0.08772066,4.1893325,1489706397178,1
8.963891,-0.30645782,3.9839516,0.004153265,-5.486794E-4,4.9447035E-4,8.866393,0.0858857,4.1892805,1489706397380,1
8.963891,-0.30645782,3.9839516,-7.3365687E-4,0.008003432,4.9447035E-4,8.866481,0.08383871,4.1891375,1489706397588,1
8.925584,-0.30645782,3.9839516,0.004153265,-0.0054356046,-0.0056141824,8.8680725,0.085722916,4.1857266,1489706397800,1
8.963891,-0.30645782,3.9839516,0.004153265,0.006781701,-0.0031707212,8.866505,0.08643939,4.1890316,1489706398021,1
8.963891,-0.30645782,3.9839516,0.011483648,6.730482E-4,-0.0031707212,8.865868,0.08855229,4.190339,1489706398230,1
8.963891,-0.30645782,3.9839516,0.004153265,6.730482E-4,0.002937931,8.866219,0.09071692,4.189549,1489706398434,1
8.963891,-0.2681506,3.9839516,0.0017098042,6.730482E-4,-0.0043924516,8.86634,0.09065569,4.189295,1489706398658,1
8.963891,-0.2681506,4.0222588,0.006596726,-0.002992142,-0.008057644,8.864597,0.09033918,4.192986,1489706398870,1
8.963891,-0.30645782,4.0222588,0.007818457,0.0031165108,-0.0031707212,8.865631,0.096314155,4.1906657,1489706399093,1
8.925584,-0.30645782,3.9839516,0.0053749955,-0.0054356046,4.9447035E-4,8.865127,0.098581955,4.19168,1489706399297,1
8.963891,-0.30645782,4.0222588,0.0017098042,-0.0054356046,-0.0056141824,8.86624,0.102485396,4.1892333,1489706399498,1
8.963891,-0.30645782,3.9839516,-7.3365687E-4,0.008003432,-7.272605E-4,8.86619,0.10496932,4.1892796,1489706399698,1
8.963891,-0.2681506,3.9839516,0.0017098042,0.010446893,-0.0019489909,8.864902,0.10513006,4.191998,1489706399898,1
8.963891,-0.30645782,3.9839516,0.004153265,-0.011544254,-7.272605E-4,8.865682,0.106147714,4.1903195,1489706400118,1
8.963891,-0.30645782,3.9839516,0.0029315345,0.0031165108,0.0041596615,8.864538,0.10813728,4.1926885,1489706400320,1
8.963891,-0.30645782,3.9839516,0.004153265,6.730482E-4,-0.0056141824,8.864009,0.106672615,4.19385,1489706400533,1
8.963891,-0.2681506,3.9839516,0.009040187,-0.0042138733,4.9447035E-4,8.865581,0.1076891,4.1905,1489706400733,1
8.963891,-0.30645782,4.0222588,0.0029315345,0.008003432,-0.0019489909,8.865528,0.10878318,4.190581,1489706400933,1
8.963891,-0.30645782,3.9839516,0.0053749955,-0.0017704107,-0.0031707212,8.865968,0.10989523,4.189621,1489706401136,1
8.963891,-0.30645782,3.9839516,4.8807362E-4,-5.486794E-4,4.9447035E-4,8.867078,0.106641635,4.1873584,1489706401337,1
8.925584,-0.2681506,3.9839516,0.0017098042,0.0031165108,-0.0019489909,8.868716,0.10823475,4.1838436,1489706401538,1
8.963891,-0.30645782,3.9839516,0.006596726,0.010446893,-0.0031707212,8.869858,0.10860519,4.181411,1489706401773,1
8.963891,-0.2681506,3.9839516,0.0029315345,-0.0054356046,4.9447035E-4,8.868934,0.108965844,4.1833634,1489706401980,1
8.925584,-0.2681506,3.9839516,0.006596726,-5.486794E-4,-0.006835913,8.870212,0.1062294,4.180725,1489706402189,1
9.002198,-0.30645782,4.0222588,0.0029315345,0.009225164,-7.272605E-4,8.872044,0.106045134,4.1768374,1489706402395,1
8.963891,-0.30645782,3.9839516,0.0053749955,0.0018947795,4.9447035E-4,8.870687,0.10785744,4.1796727,1489706402610,1
8.963891,-0.30645782,3.9839516,0.0017098042,-0.002992142,-0.0056141824,8.87291,0.10861411,4.174934,1489706402819,1
8.963891,-0.30645782,4.0222588,0.0017098042,0.012890354,-0.0019489909,8.873519,0.11078414,4.1735773,1489706403032,1
8.925584,-0.30645782,3.9839516,0.0053749955,-0.0054356046,-0.0031707212,8.871475,0.10939664,4.1779613,1489706403233,1
8.963891,-0.30645782,3.9839516,0.006596726,-0.009100795,-0.0031707212,8.870743,0.10754575,4.1795664,1489706403451,1
8.963891,-0.30645782,3.9839516,0.0017098042,0.011668624,0.0017162007,8.871385,0.105980545,4.178242,1489706403653,1
8.963891,-0.2681506,3.9839516,0.004153265,0.0031165108,-7.272605E-4,8.870588,0.10692937,4.1799054,1489706403863,1
8.963891,-0.30645782,3.9839516,0.0017098042,0.016555546,0.0041596615,8.870769,0.10765754,4.1795053,1489706404094,1
8.963891,-0.2681506,4.0222588,4.8807362E-4,-0.002992142,-0.0031707212,8.867796,0.10481983,4.1858816,1489706404315,1
8.963891,-0.30645782,4.0222588,0.006596726,0.010446893,-0.0019489909,8.867162,0.10325915,4.187265,1489706404515,1
9.002198,-0.30645782,4.0222588,0.007818457,0.015333815,0.002937931,8.866368,0.10289237,4.1889534,1489706404717,1
8.963891,-0.2681506,3.9839516,0.0053749955,0.009225164,4.9447035E-4,8.866205,0.1005591,4.189349,1489706404939,1
8.963891,-0.30645782,3.9839516,4.8807362E-4,0.008003432,-0.0019489909,8.864803,0.09929522,4.1923513,1489706405140,1
8.963891,-0.30645782,3.9839516,0.0017098042,-0.0078790635,-0.0043924516,8.86748,0.097465955,4.1867256,1489706405352,1
8.963891,-0.30645782,3.9839516,0.0017098042,0.010446893,-7.272605E-4,8.8698225,0.09663243,4.181779,1489706405577,1
8.963891,-0.30645782,3.9839516,0.0017098042,-0.0042138733,0.002937931,8.867682,0.096335344,4.186324,1489706405778,1
8.963891,-0.2681506,4.0222588,0.007818457,0.010446893,-0.0019489909,8.86518,0.09164894,4.1917276,1489706405978,1
8.925584,-0.22984336,3.9839516,0.004153265,-5.486794E-4,-0.0031707212,8.863502,0.09002265,4.1953096,1489706406198,1
8.963891,-0.30645782,3.9839516,0.0017098042,0.006781701,-0.0019489909,8.86302,0.08659736,4.1963997,1489706406421,1
8.925584,-0.30645782,3.9839516,0.0017098042,0.008003432,-0.0019489909,8.861672,0.08260478,4.1993227,1489706406618,1
9.002198,-0.30645782,4.0222588,0.0029315345,0.015333815,4.9447035E-4,8.864062,0.08137801,4.1943026,1489706406819,1
8.963891,-0.2681506,4.0222588,0.007818457,0.006781701,0.0017162007,8.860394,0.079485044,4.202082,1489706407054,1
8.963891,-0.2681506,3.9839516,0.006596726,0.006781701,-0.0019489909,8.859138,0.077803954,4.204762,1489706407256,1
8.963891,-0.30645782,3.9839516,0.0017098042,0.011668624,-7.272605E-4,8.858044,0.07533406,4.207109,1489706407485,1
8.963891,-0.30645782,3.9839516,0.006596726,-0.0054356046,4.9447035E-4,8.857119,0.076632425,4.2090354,1489706407690,1
8.963891,-0.30645782,3.9839516,0.0029315345,-0.0017704107,-0.0031707212,8.857453,0.075387836,4.208352,1489706407892,1
8.963891,-0.30645782,3.9839516,0.0053749955,-0.0042138733,-0.0031707212,8.856592,0.07478271,4.210178,1489706408094,1
8.963891,-0.2681506,4.0222588,0.0017098042,0.009225164,0.0017162007,8.858269,0.07329261,4.206673,1489706408296,1
8.963891,-0.30645782,4.0222588,0.006596726,0.009225164,0.005381392,8.855432,0.06761355,4.212739,1489706408537,1
8.925584,-0.30645782,3.9839516,0.0053749955,6.730482E-4,-0.0019489909,8.856244,0.06786694,4.2110243,1489706408738,1
8.963891,-0.30645782,3.9839516,-7.3365687E-4,0.004338242,0.0041596615,8.857234,0.06409633,4.209001,1489706408982,1
8.963891,-0.30645782,3.9839516,0.004153265,0.010446893,4.9447035E-4,8.856215,0.06456278,4.211135,1489706409205,1
8.925584,-0.30645782,3.9839516,0.0017098042,-0.0017704107,0.0017162007,8.854862,0.061056234,4.214032,1489706409412,1
8.963891,-0.30645782,3.9839516,0.0053749955,-0.002992142,4.9447035E-4,8.85476,0.059415042,4.2142706,1489706409614,1
8.963891,-0.30645782,3.9456444,4.8807362E-4,0.008003432,0.002937931,8.854061,0.055907473,4.2157893,1489706409813,1
8.925584,-0.30645782,3.9839516,0.009040187,-0.013987716,-0.0019489909,8.854094,0.056331545,4.2157164,1489706410014,1
8.925584,-0.30645782,3.9839516,0.006596726,6.730482E-4,-0.0043924516,8.851847,0.05616145,4.220434,1489706410214,1
8.963891,-0.30645782,3.9839516,0.006596726,0.0055599716,4.9447035E-4,8.851611,0.054404084,4.220949,1489706410415,1
8.925584,-0.30645782,3.9839516,0.0017098042,-5.486794E-4,0.002937931,8.854134,0.053700466,4.215663,1489706410621,1
8.963891,-0.30645782,3.9839516,0.0029315345,0.008003432,0.0017162007,8.854736,0.050370153,4.214438,1489706410821,1
8.963891,-0.2681506,4.0222588,0.004153265,0.014112085,-0.0019489909,8.854825,0.04889818,4.2142725,1489706411024,1
8.963891,-0.30645782,3.9839516,0.0029315345,-5.486794E-4,-0.0019489909,8.853257,0.04836495,4.2175694,1489706411225,1
8.963891,-0.30645782,3.9839516,0.004153265,0.012890354,0.0017162007,8.852294,0.048091393,4.219589,1489706411453,1
8.963891,-0.30645782,4.0222588,0.007818457,0.006781701,0.002937931,8.853941,0.05200243,4.216089,1489706411655,1
8.963891,-0.30645782,4.0222588,0.0017098042,0.014112085,0.0041596615,8.851813,0.05065467,4.2205696,1489706411859,1
8.925584,-0.30645782,3.9839516,0.006596726,0.0055599716,-0.0019489909,8.851133,0.04976722,4.222009,1489706412084,1
8.963891,-0.30645782,3.9839516,0.0017098042,-0.009100795,4.9447035E-4,8.855006,0.05339505,4.213833,1489706412284,1
8.963891,-0.30645782,3.9839516,0.007818457,0.004338242,-0.0019489909,8.8541,0.054414604,4.2157264,1489706412521,1
8.963891,-0.30645782,3.9839516,0.004153265,-0.0054356046,-0.0043924516,8.854409,0.054151863,4.215077,1489706412730,1
8.963891,-0.30645782,3.9839516,0.004153265,0.015333815,-7.272605E-4,8.852233,0.04973156,4.2197022,1489706412938,1
8.963891,-0.30645782,4.0222588,0.004153265,0.010446893,-0.0019489909,8.854011,0.048441667,4.215981,1489706413140,1
8.963891,-0.30645782,3.9456444,0.007818457,-5.486794E-4,-7.272605E-4,8.855531,0.047788173,4.2127995,1489706413365,1
8.963891,-0.2681506,4.0222588,0.0017098042,-0.012765985,-0.0043924516,8.85657,0.051890057,4.2105656,1489706413565,1
8.963891,-0.30645782,4.0222588,0.004153265,0.006781701,-7.272605E-4,8.856664,0.051901598,4.210371,1489706413772,1
8.963891,-0.30645782,3.9839516,0.0017098042,-0.002992142,0.002937931,8.854233,0.052031364,4.215472,1489706413971,1
8.963891,-0.30645782,3.9839516,0.004153265,-0.0054356046,-0.0056141824,8.853645,0.051191404,4.2167215,1489706414174,1
8.925584,-0.30645782,3.9839516,4.8807362E-4,0.008003432,0.0017162007,8.854101,0.05372443,4.2157297,1489706414381,1
8.963891,-0.30645782,3.9839516,0.0053749955,0.009225164,-7.272605E-4,8.852801,0.051827073,4.2184863,1489706414603,1
8.925584,-0.30645782,3.9839516,0.0029315345,-0.006657332,-0.0031707212,8.851954,0.05022709,4.220284,1489706414804,1
8.963891,-0.30645782,3.9839516,0.004153265,-0.002992142,-0.009279374,8.853661,0.048706457,4.2167187,1489706415015,1
9.002198,-0.30645782,4.0222588,0.0017098042,0.010446893,-0.0031707212,8.852533,0.049417965,4.219079,1489706415215,1
8.925584,-0.30645782,4.0222588,-0.0019553874,0.0018947795,-0.0043924516,8.853105,0.05367036,4.2178226,1489706415416,1
8.925584,-0.30645782,4.060566,0.006596726,-0.0042138733,0.005381392,8.855289,0.05439868,4.213226,1489706415629,1
9.002198,-0.34476504,4.0222588,0.0017098042,0.02632939,0.0017162007,8.854905,0.05317279,4.2140493,1489706415843,1
8.963891,-0.2681506,3.9839516,0.011483648,-0.033535406,-0.0031707212,8.859404,0.057790365,4.204521,1489706416052,1
8.963891,-0.2681506,3.9456444,0.0029315345,-0.018874638,-0.0056141824,8.854461,0.058186818,4.21492,1489706416252,1
8.925584,-0.22984336,3.9839516,0.006596726,-0.011544254,-0.009279374,8.858256,0.062643506,4.2068696,1489706416452,1
9.002198,-0.2681506,4.0222588,0.0017098042,0.008003432,4.9447035E-4,8.855553,0.056941494,4.212639,1489706416652,1
8.963891,-0.22984336,3.9839516,0.0029315345,0.020220738,4.9447035E-4,8.856223,0.06186507,4.211159,1489706416852,1
8.925584,-0.22984336,3.9456444,-0.003177118,0.0055599716,-0.0031707212,8.85775,0.0652363,4.2078967,1489706417053,1
8.963891,-0.38307226,3.9839516,0.004153265,0.0018947795,0.005381392,8.856468,0.06653233,4.2105727,1489706417261,1
8.925584,-0.38307226,4.060566,0.0102619175,-0.022539832,-7.272605E-4,8.857321,0.06549495,4.208797,1489706417489,1
8.963891,-0.30645782,4.0222588,-0.003177118,-0.0042138733,-0.0056141824,8.855912,0.066246495,4.2117453,1489706417702,1
8.963891,-0.2681506,3.9839516,4.8807362E-4,0.010446893,-0.0019489909,8.855539,0.06660525,4.212527,1489706417909,1
8.963891,-0.34476504,3.9839516,0.0029315345,-0.0054356046,-7.272605E-4,8.856115,0.0683236,4.2112865,1489706418111,1
8.963891,-0.30645782,3.9839516,0.0029315345,-0.006657332,4.9447035E-4,8.85636,0.06751257,4.2107854,1489706418319,1
8.963891,-0.30645782,4.0222588,0.004153265,0.010446893,4.9447035E-4,8.855241,0.06512991,4.213178,1489706418543,1
8.963891,-0.30645782,4.0222588,0.0017098042,0.0055599716,-0.0056141824,8.856257,0.06596213,4.2110233,1489706418742,1
8.963891,-0.30645782,3.9839516,0.0029315345,0.004338242,-0.0031707212,8.855938,0.069677934,4.2116404,1489706418953,1
8.963891,-0.30645782,3.9839516,0.004153265,0.011668624,4.9447035E-4,8.8576145,0.07120208,4.208084,1489706419163,1
8.925584,-0.30645782,3.9839516,0.004153265,-0.0054356046,4.9447035E-4,8.857066,0.066209964,4.2093215,1489706419381,1
8.963891,-0.2681506,3.9839516,0.0029315345,-0.002992142,-7.272605E-4,8.8573265,0.062768444,4.2088284,1489706419605,1
8.925584,-0.30645782,3.9839516,0.0017098042,-0.0078790635,-0.0031707212,8.855563,0.06016513,4.2125697,1489706419823,1
8.963891,-0.30645782,4.0222588,-0.0019553874,0.006781701,4.9447035E-4,8.855169,0.063287355,4.2133546,1489706420032,1
8.963891,-0.30645782,3.9839516,0.0053749955,0.010446893,-7.272605E-4,8.856139,0.06320231,4.2113147,1489706420233,1
8.925584,-0.30645782,3.9839516,0.004153265,-5.486794E-4,-7.272605E-4,8.855479,0.062495768,4.212717,1489706420441,1
8.963891,-0.30645782,4.0222588,-7.3365687E-4,6.730482E-4,4.9447035E-4,8.8567,0.06431217,4.2101207,1489706420642,1
8.925584,-0.2681506,3.9839516,0.004153265,0.012890354,4.9447035E-4,8.857127,0.061571784,4.2092605,1489706420872,1
8.925584,-0.2681506,4.0222588,0.004153265,-5.486794E-4,-0.0019489909,8.855309,0.061410308,4.21309,1489706421073,1
8.963891,-0.30645782,4.0222588,-0.0019553874,0.0031165108,-7.272605E-4,8.85461,0.060571667,4.214567,1489706421274,1
8.963891,-0.30645782,3.9839516,0.004153265,0.004338242,-0.0031707212,8.855574,0.063953854,4.2124934,1489706421485,1
8.963891,-0.30645782,4.0222588,0.0029315345,-0.002992142,-7.272605E-4,8.856279,0.06374723,4.2110143,1489706421702,1
8.963891,-0.30645782,4.0222588,0.0053749955,0.004338242,-0.0019489909,8.855992,0.062807314,4.2116294,1489706421912,1
8.963891,-0.2681506,3.9456444,0.0053749955,0.0018947795,-7.272605E-4,8.855971,0.063320234,4.2116714,1489706422131,1
8.963891,-0.2681506,4.0222588,-0.0019553874,0.0031165108,0.002937931,8.855704,0.062815644,4.212239,1489706422352,1
8.963891,-0.30645782,3.9839516,0.004153265,0.0018947795,-7.272605E-4,8.854369,0.06244199,4.2150455,1489706422553,1
8.925584,-0.30645782,3.9839516,0.0029315345,-0.010322526,-0.0056141824,8.856756,0.062714376,4.2100263,1489706422762,1
8.963891,-0.30645782,4.0222588,0.0029315345,-0.002992142,-0.0031707212,8.856492,0.060202394,4.2106233,1489706422961,1
8.963891,-0.30645782,4.0222588,0.0029315345,0.012890354,-7.272605E-4,8.855381,0.06073168,4.212948,1489706423162,1
8.963891,-0.2681506,4.0222588,4.8807362E-4,6.730482E-4,-0.0031707212,8.856502,0.06094503,4.210587,1489706423364,1
8.963891,-0.2681506,4.0222588,0.006596726,0.0031165108,-0.0019489909,8.857811,0.061389703,4.207829,1489706423582,1
8.963891,-0.30645782,4.0222588,0.0053749955,0.006781701,-0.0031707212,8.858174,0.06359744,4.207028,1489706423782,1
8.963891,-0.30645782,4.0222588,0.0029315345,0.017777277,4.9447035E-4,8.857185,0.062609166,4.2091255,1489706423982,1
8.925584,-0.2681506,3.9839516,0.0017098042,-0.009100795,-0.0031707212,8.8551035,0.06187778,4.2135134,1489706424203,1
8.963891,-0.2681506,4.0222588,0.0053749955,-0.0042138733,-7.272605E-4,8.856534,0.063816346,4.2104774,1489706424401,1
8.963891,-0.30645782,4.0222588,0.0053749955,-0.0017704107,-7.272605E-4,8.855553,0.06603797,4.212504,1489706424631,1
8.963891,-0.30645782,3.9839516,0.009040187,-0.006657332,-0.006835913,8.855517,0.062065996,4.21264,1489706424862,1
8.963891,-0.30645782,4.0222588,4.8807362E-4,0.006781701,-0.0019489909,8.85656,0.064428926,4.210413,1489706425081,1
8.963891,-0.2681506,3.9839516,4.8807362E-4,0.009225164,0.0017162007,8.855653,0.063283846,4.212337,1489706425310,1
8.925584,-0.30645782,3.9839516,0.0053749955,-0.012765985,-0.0043924516,8.856241,0.06306728,4.2111063,1489706425513,1
8.963891,-0.30645782,3.9839516,0.004153265,0.012890354,4.9447035E-4,8.859589,0.06750234,4.2039886,1489706425714,1
8.963891,-0.30645782,4.0222588,0.004153265,0.0031165108,-7.272605E-4,8.859761,0.07304434,4.2035336,1489706425914,1
8.963891,-0.30645782,3.9839516,0.004153265,-0.009100795,-0.009279374,8.858163,0.07581673,4.20685,1489706426118,1
8.963891,-0.30645782,4.0222588,0.004153265,6.730482E-4,-7.272605E-4,8.8600445,0.08124299,4.2027855,1489706426344,1
8.963891,-0.2681506,3.9839516,0.0029315345,0.009225164,-0.0031707212,8.859455,0.0825437,4.2039995,1489706426553,1
8.963891,-0.30645782,3.9839516,0.004153265,0.0055599716,0.0017162007,8.860636,0.08195625,4.201521,1489706426754,1
8.963891,-0.2681506,3.9839516,0.0017098042,-0.010322526,-0.0043924516,8.860556,0.08633374,4.201604,1489706426962,1
8.963891,-0.30645782,3.9839516,0.006596726,0.010446893,-7.272605E-4,8.858994,0.08437939,4.2049394,1489706427190,1
8.963891,-0.30645782,3.9839516,0.007818457,-0.0042138733,-0.006835913,8.859225,0.08419979,4.2044544,1489706427395,1
8.963891,-0.30645782,3.9839516,0.004153265,0.004338242,-0.0019489909,8.859391,0.08530834,4.20408,1489706427598,1
8.963891,-0.30645782,3.9839516,-7.3365687E-4,0.014112085,-7.272605E-4,8.858909,0.08069573,4.2051916,1489706427803,1
8.963891,-0.30645782,3.9839516,0.004153265,-0.006657332,-0.0031707212,8.8588705,0.08105726,4.205264,1489706428010,1
8.963891,-0.30645782,3.9839516,0.007818457,0.004338242,-0.0031707212,8.860791,0.08274244,4.201184,1489706428211,1
8.963891,-0.30645782,3.9839516,0.0029315345,6.730482E-4,-0.009279374,8.858567,0.084133744,4.2058415,1489706428435,1
8.925584,-0.30645782,3.9839516,0.004153265,-0.012765985,-0.0019489909,8.861997,0.0854495,4.1985855,1489706428644,1
8.963891,-0.2681506,3.9839516,0.004153265,0.0055599716,-0.0043924516,8.859157,0.08292846,4.2046227,1489706428870,1
8.925584,-0.30645782,3.9839516,0.0029315345,0.004338242,-0.0031707212,8.858991,0.08394217,4.2049513,1489706429070,1
8.963891,-0.2681506,4.0222588,4.8807362E-4,-0.015209448,-0.0043924516,8.861225,0.08542203,4.200213,1489706429270,1
8.963891,-0.30645782,4.0222588,4.8807362E-4,0.012890354,0.002937931,8.857166,0.085122466,4.2087736,1489706429470,1
8.963891,-0.2681506,3.9839516,0.0053749955,0.006781701,0.0017162007,8.858397,0.08485913,4.2061872,1489706429687,1
8.963891,-0.30645782,4.0222588,0.007818457,-0.0078790635,4.9447035E-4,8.860078,0.08307751,4.202678,1489706429892,1
8.963891,-0.30645782,3.9839516,0.006596726,6.730482E-4,-0.0056141824,8.856992,0.08201529,4.2091994,1489706430131,1
8.963891,-0.30645782,3.9839516,0.009040187,-0.013987716,-0.0019489909,8.857302,0.083521605,4.208521,1489706430334,1
8.963891,-0.30645782,4.0222588,0.004153265,0.008003432,-0.0031707212,8.859153,0.08546864,4.2045794,1489706430539,1
8.963891,-0.30645782,3.9839516,0.0017098042,6.730482E-4,-0.0056141824,8.858011,0.087080024,4.2069545,1489706430761,1
8.963891,-0.2681506,3.9839516,0.0017098042,0.010446893,0.002937931,8.860481,0.089274906,4.201703,1489706430976,1
8.963891,-0.30645782,4.0222588,0.004153265,6.730482E-4,-0.0056141824,8.860787,0.08714637,4.2011013,1489706431182,1
8.963891,-0.30645782,3.9839516,0.004153265,6.730482E-4,-7.272605E-4,8.86021,0.08680384,4.2023225,1489706431392,1
8.925584,-0.34476504,3.9839516,-7.3365687E-4,-0.002992142,-7.272605E-4,8.861052,0.0830762,4.200629,1489706431619,1
8.963891,-0.38307226,3.9839516,0.0053749955,0.016555546,0.002937931,8.867621,0.08106603,4.186774,1489706431853,1
8.925584,-0.19153613,4.0222588,-0.0019553874,0.008003432,-0.0056141824,8.870939,0.070768945,4.179932,1489706432052,1
8.963891,-0.34476504,4.0222588,0.0017098042,0.014112085,-7.272605E-4,8.874334,0.070785895,4.1727185,1489706432253,1
9.002198,-0.30645782,3.9839516,0.006596726,-0.0054356046,-7.272605E-4,8.877621,0.067877024,4.1657715,1489706432454,1
8.963891,-0.34476504,3.9456444,0.006596726,0.0055599716,0.0017162007,8.875394,0.064439006,4.1705656,1489706432690,1
8.963891,-0.30645782,3.9456444,0.0029315345,-0.0078790635,-0.0019489909,8.877768,0.060370736,4.165571,1489706432893,1
8.963891,-0.22984336,3.9456444,4.8807362E-4,-5.486794E-4,-0.006835913,8.879005,0.06049568,4.162931,1489706433095,1
8.963891,-0.2681506,3.9839516,0.0017098042,-0.0017704107,-0.0056141824,8.878216,0.060269322,4.16462,1489706433314,1
8.963891,-0.2681506,3.9839516,-7.3365687E-4,0.0018947795,-0.0031707212,8.878526,0.05933891,4.1639705,1489706433537,1
8.963891,-0.30645782,4.0222588,0.006596726,0.008003432,4.9447035E-4,8.877595,0.05888035,4.165962,1489706433754,1
8.963891,-0.30645782,3.9839516,0.0017098042,6.730482E-4,-0.0043924516,8.876782,0.057023473,4.1677203,1489706433955,1
8.963891,-0.30645782,3.9839516,0.004153265,0.0018947795,-0.0031707212,8.877124,0.06001257,4.1669483,1489706434180,1
8.963891,-0.30645782,3.9839516,0.0053749955,0.006781701,-7.272605E-4,8.876512,0.063199095,4.168204,1489706434418,1
8.963891,-0.30645782,3.9839516,0.0017098042,0.0018947795,-7.272605E-4,8.876833,0.06230755,4.167532,1489706434621,1
8.963891,-0.34476504,3.9839516,0.009040187,-5.486794E-4,-0.0019489909,8.875522,0.06493483,4.1702867,1489706434821,1
8.963891,-0.30645782,3.9456444,0.006596726,0.0055599716,0.0017162007,8.873252,0.064919636,4.1751175,1489706435024,1
8.963891,-0.30645782,3.9839516,4.8807362E-4,0.010446893,-0.0031707212,8.872423,0.07012626,4.1767893,1489706435237,1
9.002198,-0.34476504,3.9839516,0.0053749955,-0.016431179,0.0017162007,8.87271,0.07277604,4.1761365,1489706435456,1
9.002198,-0.34476504,3.9456444,0.004153265,-0.04330925,-0.0043924516,8.870735,0.07451558,4.180299,1489706435656,1
9.002198,-0.30645782,3.9456444,0.013927109,-5.486794E-4,0.005381392,8.874913,0.076470226,4.1713867,1489706435893,1
8.963891,-0.22984336,3.9839516,-0.0019553874,0.008003432,-0.0019489909,8.875563,0.07675518,4.169995,1489706436093,1
8.925584,-0.30645782,3.9456444,0.0029315345,6.730482E-4,-0.0056141824,8.875538,0.078924485,4.1700096,1489706436295,1
8.963891,-0.30645782,4.0222588,0.0053749955,-5.486794E-4,4.9447035E-4,8.871056,0.07917598,4.179531,1489706436495,1
8.963891,-0.30645782,3.9839516,0.0029315345,0.014112085,-7.272605E-4,8.872293,0.081747144,4.176855,1489706436695,1
8.963891,-0.30645782,3.9839516,-0.0043988484,0.017777277,4.9447035E-4,8.870634,0.07580197,4.180487,1489706436899,1
8.925584,-0.30645782,3.9839516,0.0053749955,0.006781701,4.9447035E-4,8.869426,0.0793186,4.1829863,1489706437135,1
8.963891,-0.22984336,3.9839516,0.0053749955,0.008003432,0.0017162007,8.86628,0.08129618,4.1896114,1489706437336,1
8.963891,-0.2681506,4.0222588,0.0053749955,-0.0042138733,-0.0056141824,8.866196,0.07920535,4.1898327,1489706437544,1
8.963891,-0.30645782,4.0222588,0.007818457,0.0055599716,0.0017162007,8.865758,0.0772491,4.1907973,1489706437749,1
8.963891,-0.30645782,3.9839516,0.0029315345,0.008003432,0.002937931,8.865948,0.073241614,4.190465,1489706437978,1
8.963891,-0.30645782,3.9839516,0.006596726,-0.009100795,-0.0043924516,8.864316,0.0744602,4.1938934,1489706438193,1
8.963891,-0.30645782,4.0222588,0.0017098042,0.0018947795,4.9447035E-4,8.8663645,0.07806904,4.189498,1489706438401,1
8.963891,-0.34476504,4.0222588,4.8807362E-4,0.009225164,0.0041596615,8.866556,0.07270663,4.189188,1489706438616,1
8.925584,-0.2681506,3.9839516,0.0029315345,0.0018947795,-0.0043924516,8.865709,0.07350801,4.1909614,1489706438833,1
8.963891,-0.30645782,4.0222588,0.0053749955,-0.015209448,-0.0019489909,8.870507,0.07563699,4.180762,1489706439034,1
8.963891,-0.30645782,3.9839516,0.0029315345,-0.0042138733,-0.0056141824,8.869702,0.08038433,4.1823797,1489706439234,1
8.963891,-0.2681506,3.9839516,0.0053749955,0.012890354,-0.0019489909,8.8698015,0.084074125,4.1821,1489706439434,1
9.002198,-0.2681506,3.9839516,0.0102619175,-0.0054356046,4.9447035E-4,8.869978,0.08220439,4.181758,1489706439636,1
8.963891,-0.2681506,3.9839516,-0.0019553874,-0.009100795,-0.008057644,8.86874,0.07908157,4.184444,1489706439841,1
8.925584,-0.34476504,3.9839516,0.0053749955,0.010446893,-0.0031707212,8.87012,0.07871026,4.1815295,1489706440043,1
8.963891,-0.22984336,3.9073372,0.004153265,-0.0054356046,-0.011722835,8.878058,0.087630354,4.1644673,1489706440254,1
8.925584,-0.34476504,3.9839516,0.013927109,-0.011544254,-0.009279374,8.877226,0.09462284,4.166087,1489706440475,1
9.002198,-0.19153613,3.9839516,4.8807362E-4,0.004338242,0.0041596615,8.881919,0.106110744,4.155794,1489706440677,1
9.078813,-0.22984336,3.9839516,-0.005620579,0.022664199,0.002937931,8.871067,0.103239425,4.1789823,1489706440892,1
8.925584,-0.38307226,3.9839516,0.0029315345,-0.012765985,-0.0031707212,8.877067,0.10512436,4.166177,1489706441103,1
9.002198,-0.30645782,4.098873,0.0053749955,-0.017652906,-7.272605E-4,8.864272,0.09615853,4.1935472,1489706441302,1
8.963891,-0.30645782,4.060566,0.004153265,0.05687265,0.0090465825,8.886853,0.103160664,4.1453075,1489706441502,1
8.925584,-0.22984336,4.060566,0.0029315345,0.021442467,0.006603122,8.87569,0.089831956,4.169464,1489706441718,1
8.963891,-0.19153613,4.060566,-0.0043988484,0.036103234,0.0090465825,8.874154,0.08549115,4.1728253,1489706441921,1
9.002198,-0.34476504,4.060566,0.0102619175,0.059316114,0.012711775,8.86441,0.080159724,4.193587,1489706442127,1
8.925584,-0.2681506,3.9456444,0.004153265,0.022664199,4.9447035E-4,8.865332,0.079969175,4.1916447,1489706442342,1
8.925584,-0.30645782,3.9456444,0.006596726,-0.012765985,-0.006835913,8.869004,0.08204393,4.1838245,1489706442550,1
8.925584,-0.2681506,3.9839516,0.0053749955,-0.0054356046,-0.0031707212,8.87153,0.083460525,4.1784444,1489706442752,1
8.963891,-0.30645782,4.0222588,0.0029315345,-5.486794E-4,4.9447035E-4,8.870625,0.07911752,4.1804504,1489706442962,1
8.963891,-0.30645782,4.0222588,0.0017098042,0.0031165108,0.005381392,8.87179,0.08155104,4.1779284,1489706443164,1
8.963891,-0.2681506,3.9839516,0.004153265,-0.012765985,4.9447035E-4,8.871437,0.0801815,4.178703,1489706443365,1
8.963891,-0.30645782,4.060566,4.8807362E-4,0.010446893,-7.272605E-4,8.874602,0.0827553,4.1719246,1489706443603,1
8.963891,-0.2681506,4.0222588,4.8807362E-4,0.008003432,4.9447035E-4,8.871254,0.08454028,4.179007,1489706443804,1
8.963891,-0.2681506,4.0222588,0.0053749955,6.730482E-4,4.9447035E-4,8.87188,0.091647185,4.1775303,1489706444013,1
8.963891,-0.2681506,4.0222588,0.004153265,0.015333815,-0.0031707212,8.870031,0.095148034,4.181377,1489706444223,1
8.963891,-0.30645782,3.9839516,0.0017098042,0.0018947795,-0.0043924516,8.870384,0.09643501,4.1805954,1489706444443,1
8.963891,-0.2681506,3.9839516,0.0017098042,0.0031165108,0.0017162007,8.871439,0.10052827,4.178262,1489706444645,1
8.963891,-0.30645782,4.0222588,0.006596726,-0.010322526,-0.0056141824,8.872853,0.10206775,4.175219,1489706444844,1
8.925584,-0.30645782,3.9839516,0.004153265,0.0055599716,-7.272605E-4,8.872496,0.10514555,4.1759033,1489706445046,1
8.963891,-0.30645782,4.0222588,0.004153265,0.0018947795,-7.272605E-4,8.872812,0.105472594,4.1752195,1489706445248,1
8.963891,-0.2681506,4.0222588,0.0029315345,0.0055599716,-0.0019489909,8.872256,0.105153,4.176409,1489706445451,1
8.925584,-0.2681506,3.9839516,0.004153265,-0.0078790635,-0.0043924516,8.871194,0.1056516,4.178653,1489706445684,1
8.963891,-0.30645782,3.9839516,0.006596726,0.011668624,4.9447035E-4,8.873423,0.106004946,4.173909,1489706445883,1
8.963891,-0.30645782,4.0222588,0.006596726,-0.002992142,-0.0043924516,8.87263,0.104885444,4.1756186,1489706446087,1
8.963891,-0.30645782,3.9839516,0.0029315345,0.0031165108,-0.0056141824,8.871901,0.11087752,4.1770186,1489706446285,1
8.925584,-0.2681506,3.9839516,0.007818457,-0.0078790635,-0.0043924516,8.872426,0.112893976,4.175848,1489706446485,1
8.963891,-0.30645782,3.9839516,0.004153265,-0.0017704107,-7.272605E-4,8.872366,0.112385295,4.1759863,1489706446687,1
8.963891,-0.30645782,4.0222588,0.004153265,0.004338242,4.9447035E-4,8.871729,0.11422975,4.177292,1489706446888,1
8.963891,-0.30645782,3.9839516,0.0029315345,0.0018947795,0.0017162007,8.872462,0.1144412,4.175727,1489706447090,1
8.925584,-0.2681506,3.9839516,0.0029315345,-5.486794E-4,0.0017162007,8.872329,0.11572058,4.1759777,1489706447303,1
8.963891,-0.30645782,4.0222588,0.004153265,-5.486794E-4,4.9447035E-4,8.87255,0.112404585,4.175597,1489706447510,1
8.963891,-0.2681506,3.9839516,0.0029315345,0.006781701,-7.272605E-4,8.871753,0.11104513,4.1773286,1489706447721,1
8.963891,-0.2681506,3.9839516,0.0029315345,0.009225164,0.002937931,8.871145,0.11118688,4.1786113,1489706447926,1
8.963891,-0.2681506,3.9839516,-0.0019553874,0.014112085,-7.272605E-4,8.869345,0.10975831,4.182469,1489706448127,1
8.963891,-0.30645782,4.0222588,0.006596726,0.008003432,-0.0019489909,8.869356,0.11114509,4.182409,1489706448328,1
8.963891,-0.2681506,3.9839516,0.006596726,-0.010322526,-7.272605E-4,8.87121,0.11322657,4.178418,1489706448526,1
8.963891,-0.30645782,3.9839516,0.004153265,0.0018947795,-0.0056141824,8.870922,0.11342107,4.1790247,1489706448727,1
8.925584,-0.2681506,4.0222588,4.8807362E-4,0.015333815,-0.0019489909,8.87077,0.116520494,4.1792645,1489706448941,1
8.963891,-0.30645782,4.0222588,4.8807362E-4,-0.0042138733,0.002937931,8.87083,0.11596388,4.1791544,1489706449171,1
8.963891,-0.30645782,3.9839516,-7.3365687E-4,-0.0042138733,4.9447035E-4,8.870914,0.11790479,4.178918,1489706449370,1
8.963891,-0.30645782,4.0222588,0.007818457,0.0018947795,-0.011722835,8.870463,0.116485424,4.1799164,1489706449581,1
8.963891,-0.30645782,4.0222588,0.0017098042,0.011668624,0.005381392,8.869693,0.11741584,4.1815286,1489706449783,1
8.963891,-0.30645782,3.9839516,0.0053749955,0.0031165108,-0.006835913,8.866853,0.11730887,4.187546,1489706450006,1
8.963891,-0.2681506,4.0222588,0.0053749955,-0.0042138733,-0.0031707212,8.866868,0.12031492,4.187429,1489706450208,1
8.925584,-0.2681506,4.0222588,0.006596726,0.0018947795,-7.272605E-4,8.866764,0.120454036,4.187642,1489706450430,1
9.002198,-0.30645782,4.0222588,0.0053749955,-0.012765985,-0.0043924516,8.863183,0.121576026,4.19519,1489706450646,1
8.963891,-0.30645782,3.9839516,0.007818457,0.0018947795,-0.0019489909,8.864844,0.12090733,4.1916966,1489706450875,1
8.925584,-0.30645782,4.0222588,0.009040187,0.009225164,4.9447035E-4,8.86635,0.12247794,4.1884646,1489706451082,1
8.963891,-0.2681506,4.0222588,0.0053749955,0.008003432,0.005381392,8.865202,0.12182269,4.1909122,1489706451291,1
8.963891,-0.30645782,3.9839516,4.8807362E-4,-0.0078790635,-0.0043924516,8.866587,0.123355456,4.1879377,1489706451492,1
8.963891,-0.30645782,3.9839516,0.004153265,-0.0042138733,4.9447035E-4,8.865567,0.1268642,4.189991,1489706451699,1
8.925584,-0.30645782,3.9839516,0.006596726,0.0018947795,-0.0043924516,8.864734,0.12882732,4.19169,1489706451924,1
8.925584,-0.30645782,4.0222588,4.8807362E-4,0.0055599716,-0.0043924516,8.86326,0.13304025,4.194678,1489706452128,1
8.925584,-0.30645782,4.0222588,0.0029315345,0.0055599716,-0.0019489909,8.8652525,0.1375421,4.190317,1489706452329,1
8.963891,-0.30645782,4.0222588,0.0017098042,-5.486794E-4,-0.006835913,8.864344,0.13858898,4.192207,1489706452550,1
8.963891,-0.2681506,3.9839516,0.0029315345,0.004338242,-7.272605E-4,8.863413,0.1383749,4.1941833,1489706452760,1
8.963891,-0.30645782,3.9839516,0.009040187,-0.0078790635,-0.0043924516,8.865292,0.13291882,4.190386,1489706452968,1
8.963891,-0.30645782,4.0222588,0.0029315345,-0.0054356046,-0.006835913,8.865048,0.13154753,4.190944,1489706453180,1
8.963891,-0.30645782,4.0222588,-0.0019553874,0.009225164,0.0017162007,8.865104,0.1322681,4.1908035,1489706453393,1
8.963891,-0.2681506,4.0222588,0.004153265,-5.486794E-4,-7.272605E-4,8.862326,0.12968656,4.1967545,1489706453627,1
8.925584,-0.2681506,4.0222588,0.0029315345,0.0055599716,-0.0019489909,8.862696,0.13088147,4.1959376,1489706453839,1
8.963891,-0.30645782,4.0222588,0.004153265,0.012890354,-0.0031707212,8.860028,0.13084829,4.201566,1489706454058,1
8.963891,-0.30645782,3.9839516,0.004153265,0.0031165108,0.0017162007,8.860191,0.1303047,4.2012362,1489706454282,1
8.925584,-0.2681506,3.9839516,4.8807362E-4,-0.0054356046,4.9447035E-4,8.861553,0.12901627,4.198406,1489706454492,1
8.925584,-0.2681506,4.060566,4.8807362E-4,0.011668624,0.002937931,8.862605,0.12963526,4.1961665,1489706454700,1
8.963891,-0.30645782,4.060566,0.0017098042,0.0018947795,0.0017162007,8.862931,0.12642391,4.195575,1489706454902,1
8.963891,-0.30645782,4.0222588,-0.0019553874,0.008003432,0.0041596615,8.862716,0.12497648,4.1960745,1489706455102,1
8.963891,-0.30645782,4.0222588,0.006596726,-0.0017704107,-0.0043924516,8.863538,0.12652385,4.194288,1489706455305,1
8.963891,-0.30645782,3.9839516,4.8807362E-4,6.730482E-4,4.9447035E-4,8.865482,0.1280952,4.190132,1489706455515,1
8.963891,-0.30645782,4.0222588,-7.3365687E-4,0.014112085,-0.0019489909,8.865691,0.12733415,4.189711,1489706455716,1
8.963891,-0.30645782,4.0222588,-7.3365687E-4,0.008003432,-0.0056141824,8.866162,0.13090383,4.18861,1489706455916,1
8.963891,-0.2681506,4.0222588,0.0017098042,-0.0078790635,-0.0019489909,8.866625,0.1331725,4.1875563,1489706456120,1
8.963891,-0.2681506,4.0222588,4.8807362E-4,0.004338242,-0.0056141824,8.866729,0.13397111,4.1873093,1489706456345,1
8.963891,-0.30645782,4.0222588,0.0053749955,0.015333815,0.006603122,8.867521,0.13287687,4.1856637,1489706456558,1
8.963891,-0.2681506,3.9839516,0.0029315345,6.730482E-4,-0.0031707212,8.865821,0.13374256,4.1892357,1489706456772,1
8.963891,-0.30645782,4.0222588,0.004153265,-0.0042138733,-7.272605E-4,8.8648815,0.13301659,4.1912503,1489706456972,1
8.963891,-0.30645782,3.9839516,0.004153265,-5.486794E-4,-0.0019489909,8.863671,0.12920564,4.193927,1489706457173,1
8.963891,-0.30645782,4.0222588,0.006596726,0.004338242,-0.0031707212,8.86476,0.127117,4.1916866,1489706457372,1
8.963891,-0.30645782,4.0222588,0.004153265,0.0055599716,-0.0056141824,8.862938,0.130631,4.195432,1489706457591,1
8.925584,-0.30645782,3.9839516,0.006596726,-5.486794E-4,-7.272605E-4,8.864605,0.13076866,4.191905,1489706457795,1
8.963891,-0.30645782,3.9839516,0.0053749955,-0.0054356046,-0.0031707212,8.864008,0.1312484,4.1931534,1489706458001,1
8.963891,-0.30645782,3.9839516,0.009040187,-0.015209448,0.0041596615,8.86677,0.1300706,4.187344,1489706458199,1
8.963891,-0.2681506,4.0222588,0.0029315345,6.730482E-4,4.9447035E-4,8.865984,0.13048662,4.188997,1489706458414,1
8.925584,-0.30645782,4.0222588,0.0053749955,0.008003432,-0.0019489909,8.864835,0.13374533,4.1913223,1489706458635,1
8.963891,-0.30645782,3.9839516,0.004153265,0.012890354,-0.0019489909,8.863262,0.13533348,4.1945963,1489706458835,1
8.925584,-0.2681506,3.9839516,0.0029315345,0.0018947795,-0.0019489909,8.863413,0.1371325,4.1942225,1489706459037,1
8.963891,-0.30645782,4.0222588,0.0053749955,0.015333815,-7.272605E-4,8.862055,0.13932738,4.1970205,1489706459274,1
8.963891,-0.2681506,3.9839516,0.006596726,0.0018947795,-7.272605E-4,8.862996,0.14143924,4.1949577,1489706459475,1
8.963891,-0.30645782,3.9839516,0.004153265,0.0018947795,4.9447035E-4,8.862898,0.13964301,4.195229,1489706459677,1
8.963891,-0.2681506,4.0222588,0.0017098042,-0.013987716,-0.008057644,8.864167,0.1393864,4.1925535,1489706459893,1
8.963891,-0.30645782,4.0222588,0.0029315345,-5.486794E-4,-7.272605E-4,8.862217,0.14448607,4.196505,1489706460112,1
8.963891,-0.30645782,4.0222588,0.004153265,-5.486794E-4,0.002937931,8.862106,0.14718933,4.196639,1489706460321,1
8.925584,-0.30645782,4.0222588,0.0029315345,-0.0042138733,-7.272605E-4,8.861265,0.14938655,4.1983404,1489706460531,1
8.963891,-0.22984336,4.0222588,-7.3365687E-4,0.011668624,0.0017162007,8.863187,0.14577626,4.1944094,1489706460734,1
8.963891,-0.2681506,3.9839516,-7.3365687E-4,0.0055599716,0.0017162007,8.862943,0.14309111,4.1950173,1489706460953,1
8.963891,-0.30645782,3.9839516,0.007818457,6.730482E-4,-0.0019489909,8.86303,0.14096506,4.194902,1489706461155,1
8.925584,-0.30645782,3.9839516,0.007818457,-0.011544254,-0.0031707212,8.862,0.1413843,4.1970644,1489706461360,1
8.963891,-0.30645782,4.0222588,0.0017098042,0.010446893,-7.272605E-4,8.865407,0.14292467,4.189813,1489706461575,1
8.963891,-0.30645782,3.9839516,0.007818457,0.014112085,4.9447035E-4,8.864312,0.14443594,4.1920733,1489706461793,1
8.963891,-0.30645782,3.9456444,0.007818457,-0.0042138733,-0.0031707212,8.864829,0.14359847,4.191009,1489706462002,1
8.963891,-0.2681506,4.0222588,0.006596726,-0.012765985,0.0017162007,8.864519,0.14328444,4.191677,1489706462218,1
8.963891,-0.2681506,4.060566,0.0029315345,0.009225164,0.0017162007,8.860614,0.1435254,4.1999187,1489706462434,1
8.963891,-0.30645782,4.0222588,4.8807362E-4,0.004338242,-0.0031707212,8.859588,0.14089243,4.2021723,1489706462639,1
8.963891,-0.30645782,3.9839516,0.004153265,-0.006657332,-0.0043924516,8.859466,0.13577363,4.202596,1489706462846,1
8.963891,-0.2681506,3.9456444,0.012705378,-0.011544254,-0.0031707212,8.860273,0.13668299,4.2008653,1489706463047,1
8.925584,-0.2681506,3.9839516,0.0017098042,-0.02009637,-0.010501104,8.860242,0.13710137,4.200914,1489706463252,1
9.002198,-0.30645782,4.0222588,-0.00928577,0.0018947795,-0.0043924516,8.866786,0.14136487,4.186947,1489706463461,1
9.002198,-0.30645782,4.0222588,-0.0068423096,0.016555546,-0.008057644,8.87048,0.13728607,4.179248,1489706463683,1
8.963891,-0.19153613,3.9839516,0.009040187,-0.011544254,4.9447035E-4,8.878032,0.14623335,4.162877,1489706463889,1
8.963891,-0.22984336,3.9839516,0.0029315345,-0.0017704107,-0.0043924516,8.881489,0.13865107,4.155758,1489706464104,1
8.963891,-0.38307226,3.9456444,0.007818457,0.020220738,0.0017162007,8.8797455,0.13002251,4.159759,1489706464312,1
8.963891,-0.2681506,3.9456444,0.006596726,-0.0078790635,-0.008057644,8.879606,0.13141572,4.160015,1489706464523,1
