0.61291564,5.401319,5.5162406,0.018325957,-0.83199847,-0.8588765,-1.2177107,0.84838223,9.693701,1489714929364,0
4.673482,1.4939818,15.591042,-1.0567969,-4.15144,0.9773844,3.147256,1.219468,9.207501,1489714929579,0
1.6472107,1.4173675,3.6008794,1.1301007,1.4697418,-0.8503244,2.4711754,-0.13104631,9.489284,1489714929781,0
1.4939818,3.9073372,8.619126,-0.40439278,0.9138544,0.44715336,0.14965689,1.7585506,9.646527,1489714929998,0
0.038307227,0.842759,9.691729,0.015882496,0.71837753,0.5497787,-0.7385802,0.99757123,9.727782,1489714930203,0
0.30645782,1.1109096,9.155427,-0.052534413,0.20647246,0.33841935,-0.6098394,0.73931307,9.759708,1489714930419,0
0.2681506,1.8770541,10.6877165,0.008552114,0.2406809,0.24312437,-0.44816756,1.1625838,9.727175,1489714930619,0
0.9576807,-3.5242648,12.947843,-1.5406022,-0.44715336,-0.5375614,-0.012536442,-0.7834429,9.775297,1489714931031,0
8.963891,-10.764331,0.19153613,-0.18692477,-3.5051448,-0.49113566,4.0940146,0.4625476,8.899185,1489714931239,0
8.274361,-11.070788,9.385271,-3.4025195,4.5497246,6.423859,6.280918,-7.0824323,2.5611742,1489714931448,0
7.3549876,-6.3589997,3.1794999,0.72204274,-0.2602286,2.3457224,3.1881917,-8.6483345,3.3484545,1489714931648,0
7.086837,-7.469909,1.3790601,0.3359759,-0.70005155,-1.0409144,3.7677042,-7.8601713,4.4936066,1489714931850,0
4.098873,-4.7500963,2.336741,1.9938642,-3.3438764,-1.3402383,5.9281287,-5.6846714,5.3583755,1489714932051,0
8.312668,1.2641385,-1.0726024,1.5015068,-0.5681047,-0.56321776,8.9144945,-1.668792,3.7305934,1489714932252,0
6.9719152,-2.0685902,-0.15322891,0.4373795,-0.52778757,0.7415904,7.9437675,-4.973593,2.8862245,1489714932460,0
8.887277,-3.9839516,2.030283,-0.3213151,1.102001,3.2583551,6.2945337,-7.1276116,2.3971677,1489714932661,0
7.1251445,-11.683704,2.1068976,1.0433578,-0.5815437,1.174083,6.6735806,-7.0225697,-1.5222405,1489714932869,0
4.0222588,-15.399506,-0.61291564,-1.9926424,-1.6175711,1.4257594,4.4345174,-8.187222,-3.078122,1489714933069,0
0.45968673,-6.8186865,-1.3024458,0.7672467,-0.9773844,0.8051204,2.900856,-8.182567,-4.560816,1489714933271,0
-0.15322891,-11.415554,3.2561142,-0.7318166,-0.86132,0.028099801,2.0523155,-8.00719,-5.2766733,1489714933471,0
-0.11492168,-7.469909,-1.8770541,0.6291912,-0.59986967,0.6621779,-0.8796863,-8.768794,-4.3017216,1489714933672,0
-2.681506,-9.040505,1.340753,0.893085,0.2761111,0.71593404,-1.6619366,-9.543874,-1.5240897,1489714933872,0
-1.8004397,-10.151415,-1.4939818,-0.009773844,0.657291,0.33964106,-2.0885956,-9.521745,-1.0698264,1489714934084,0
-2.566584,-5.439626,-1.4173675,-2.2589796,0.19547687,-0.14782938,-2.0172653,-8.576884,-4.3055882,1489714934300,0
-1.4173675,-14.326903,-4.8267107,-0.007330383,-0.67073005,0.31887165,-2.98288,-8.408166,-4.071309,1489714934507,0
-1.7621324,-6.9719152,-1.9536686,0.21991149,-0.33475417,-0.4801401,-2.9199994,-8.838839,-3.085275,1489714934711,0
-2.0685902,-8.197746,0.0,1.3561208,-0.8038987,0.17592919,-3.6496227,-9.097831,-0.28305066,1489714934914,0
0.2681506,-14.288596,0.91937345,0.75625116,0.12095132,0.4288274,-2.686391,-9.130086,2.365424,1489714935120,0
-4.2521024,-11.18571,-3.6391866,-1.6884315,0.61575216,-0.5131268,-2.7339604,-9.411333,0.3502332,1489714935323,0
-1.9153614,-4.367024,-1.7238252,-1.3060299,-0.7257079,-0.45204028,-1.5056238,-8.906168,-3.818857,1489714935522,0
-2.1068976,-13.101071,-4.9416323,0.09285152,-0.99204516,0.08552113,-2.0235677,-9.193286,-2.749373,1489714935741,0
-0.38307226,-6.205771,-1.685518,1.8851302,0.9468411,0.7489208,-1.8304657,-9.235004,-2.7448971,1489714935944,0
-2.2984335,-9.461885,1.9153614,1.3231341,-0.8173377,0.02687807,-2.3051188,-9.501994,0.75428236,1489714936161,0
-2.7964275,-9.883265,-0.076614454,-0.5522222,0.37140608,0.17959438,-2.769678,-9.124368,2.290236,1489714936362,0
-0.22984336,-6.6654577,-0.2681506,-1.813048,0.042760566,-1.0885619,-1.8346523,-9.526395,-1.4325749,1489714936562,0
-1.5705963,-9.423578,-6.895301,0.52778757,-0.7012733,0.056199603,-1.438258,-9.022366,-3.563529,1489714936762,0
-1.4939818,-7.1634517,-2.566584,0.119729586,0.57787853,-0.065973446,-1.2571409,-9.308463,-2.8182478,1489714936991,0
-0.61291564,-9.002198,0.34476504,1.3646729,-0.5839872,0.3481932,-1.6341684,-9.665789,0.26909217,1489714937199,0
-3.371036,-12.909535,0.038307227,0.21135938,-0.16982053,0.07452556,-2.0559316,-9.469249,1.5089267,1489714937402,0
-4.7500963,-9.844957,-1.8004397,-3.032335,1.9620992,-0.9431759,-1.4805291,-9.570367,-1.5448298,1489714937603,0
-1.7238252,-4.1371803,-2.336741,-0.13927728,-0.81245077,0.103847094,-0.98496294,-8.382459,-4.99346,1489714937802,0
-4.3287168,-15.705963,0.9576807,-0.11484267,0.6243043,-0.88086766,-1.1774682,-8.844964,-4.0682387,1489714938002,0
-1.3790601,-6.703765,-1.8387469,2.316401,0.52412236,0.2406809,-0.7926336,-9.4890375,-2.3452747,1489714938202,0
-0.7661445,-10.228029,2.4133554,1.7311921,-0.32253686,0.12583824,-0.9934473,-9.754481,-0.18317404,1489714938402,0
-4.9416323,-9.500193,-0.2681506,-0.11728613,0.267559,0.043982297,-1.6410859,-9.502675,1.7822412,1489714938602,0
-0.4213795,-4.3287168,-1.0342951,-2.0451767,0.90285885,-0.56077427,-1.4657608,-9.535664,-1.7587016,1489714938802,0
0.038307227,-14.173674,-6.205771,0.66828656,-0.6939429,0.23335053,-1.287475,-8.700953,-4.336615,1489714939003,0
-0.5746084,-13.522451,0.15322891,-0.004886922,2.1734586,-0.8405506,-0.80105513,-9.08934,-3.5934114,1489714939220,0
-0.6512229,-8.197746,-0.30645782,1.7971655,-0.095294975,0.3848451,-1.0413818,-9.711677,-0.8770587,1489714939423,0
-3.217807,-12.449849,1.1875241,0.43371433,0.056199603,0.6462954,-2.1107023,-9.374918,1.9560783,1489714939623,0
-1.685518,-8.810662,-0.19153613,-1.205848,2.4178047,-0.7648033,-1.8646106,-9.6110735,-0.5664698,1489714939823,0
-0.5746084,-4.55856,-4.4819455,-0.49968776,-0.8038987,-0.1600467,-0.8446061,-8.6764555,-4.4917884,1489714940024,0
-4.060566,-10.534488,4.7500963,-1.709201,-0.029321533,-0.6267477,-1.2560049,-9.162665,-3.2616599,1489714940224,0
-1.3790601,-7.8529816,0.7661445,2.5509732,0.65484756,0.37995818,-0.99770814,-9.7077875,-0.9663446,1489714940429,0
0.076614454,-12.5264635,-0.038307227,1.2986995,0.4813618,0.46792278,-1.7346468,-9.436647,2.0275736,1489714940629,0
0.61291564,-14.058752,2.719813,-2.9981265,-0.6133087,0.17837265,-1.7903576,-9.63794,-0.2740899,1489714940833,0
-2.0685902,-4.2521024,-0.842759,-0.9492846,-1.0384709,-0.29565877,-0.8371189,-8.938603,-3.9460115,1489714941038,0
-1.5705963,-7.431602,-7.967903,-1.3878858,0.49235737,-0.52656585,-1.4831443,-9.25436,-2.8857408,1489714941241,0
-0.2681506,-7.1251445,-2.2218192,0.1881465,0.2321288,0.8503244,-0.7231945,-9.295315,-3.0404766,1489714941491,0
-1.2258313,-11.722012,0.80445176,1.8655825,-0.21624629,0.42271876,-1.3584578,-9.584621,1.5684469,1489714941701,0
-1.532289,-12.794614,3.9073372,-1.7605137,-1.0433578,0.028099801,-1.9677149,-9.371118,2.1167529,1489714941904,0
0.4213795,-2.566584,-1.0726024,-2.5509732,-0.8527679,-0.9285152,-1.5186411,-9.377499,-2.4344668,1489714942107,0
-1.1109096,-10.534488,-7.73806,2.2174408,0.60231316,0.14905111,-1.4490167,-9.409996,-2.3500483,1489714942314,0
-0.2681506,-6.129156,-0.9959879,0.13683382,-0.66828656,0.6560693,-0.9516016,-9.581668,-1.8591654,1489714942522,0
-1.7621324,-8.00621,2.7964275,1.0983357,-0.12339478,0.26389378,-1.5542467,-9.670883,0.47827804,1489714942748,0
-6.4739213,-12.258312,-1.4939818,-0.4129449,0.035430185,-0.10262536,-2.199197,-9.431898,1.5405276,1489714942951,0
-1.8387469,-4.1371803,-0.91937345,-1.7592919,-0.7501425,-1.078788,-0.72234225,-9.372449,-2.7938905,1489714943151,0
-2.834735,-17.199945,-7.6614456,2.4642303,-0.50946164,0.48502702,-1.2668705,-9.368055,-2.6086323,1489714943353,0
-2.2601264,-13.139379,-0.076614454,0.56321776,1.2278391,1.4257594,-0.89109224,-9.6029415,-1.7776049,1489714943554,0
1.340753,-8.504205,-1.4173675,1.5418239,-0.02687807,-0.009773844,-0.8042697,-9.773393,0.06587109,1489714943754,0
-1.9919758,-14.78659,1.1875241,-0.21746802,0.16249016,-0.09773844,-1.6202272,-9.495455,1.838905,1489714943953,0
-4.0222588,-11.722012,0.2681506,-1.2302825,1.1582005,-0.5216789,-1.4026349,-9.683096,-0.66381294,1489714944153,0
-1.6089035,-4.865018,-3.8307228,0.95294976,-0.7134906,0.28099802,-0.5456515,-8.545898,-4.7791505,1489714944359,0
-5.209783,-7.8912888,-2.4899697,2.1636846,2.2809708,-1.7324139,-0.27245092,-8.860027,-4.194769,1489714944561,0
0.5363012,-8.121132,1.6089035,1.9792033,0.15271631,0.36285394,-0.59845513,-9.675906,-1.4795506,1489714944762,0
2.4899697,-12.679692,0.38307226,1.5992452,0.92485,0.44104472,-1.3872385,-9.619098,1.3110625,1489714944962,0
-3.064578,-10.91756,-3.5625722,-3.1031954,0.0036651916,0.24556783,-1.2696891,-9.6628475,-1.0898045,1489714945161,0
-1.1109096,-3.9839516,-1.0342951,-2.4984388,-1.4501941,-0.9236283,-0.37121233,-9.076863,-3.6936622,1489714945364,0
-1.3790601,-12.028469,-2.2984335,1.9840903,0.06352998,-0.105068825,-1.000418,-9.412089,-2.5655692,1489714945584,0
-1.2258313,-7.1634517,-0.7278373,-0.42760566,0.09285152,1.0262536,-0.21002047,-9.517261,-2.3554287,1489714945784,0
1.7238252,-10.534488,0.91937345,1.9034561,-0.172264,0.38240165,-1.205226,-9.473714,2.2285836,1489714945989,0
-5.592855,-13.369223,0.30645782,-0.20891592,-0.009773844,-0.22235495,-1.8001333,-9.394746,2.1607125,1489714946190,0
-0.19153613,-3.1411927,-0.6512229,-2.3115141,-0.27122417,-0.56199604,-0.73373896,-9.419661,-2.6271696,1489714946392,0
1.6472107,-13.024457,-10.534488,1.4526376,0.8979719,0.42394048,-0.41754708,-9.407902,-2.7363153,1489714946593,0
-0.22984336,-15.1696615,3.7541082,0.95905846,2.5925121,-1.9303342,0.07468524,-9.472785,-2.5359716,1489714946799,0
-1.1875241,-9.423578,-3.5625722,1.640784,-0.24556783,0.54000485,-0.76249653,-9.693778,1.2726614,1489714947001,0
-0.38307226,-11.530476,1.4939818,-0.11484267,0.16126843,-0.13561209,-1.3461119,-9.321542,2.7326233,1489714947203,0
-2.3750482,-7.393295,0.22984336,-1.8802432,0.31031954,-0.5852089,-1.0918136,-9.744438,-0.15577991,1489714947423,0
-0.9576807,-7.469909,-6.0525417,0.5839872,-0.3885103,0.20525073,-0.577467,-9.298949,-3.06047,1489714947624,0
-2.9879637,-4.1371803,-0.842759,-0.059864793,1.4807373,-0.3323107,-0.4129276,-9.496054,-2.4134762,1489714947827,0
-0.49799395,-8.082825,0.6512229,1.6627752,0.27366763,0.54000485,-0.61481243,-9.787309,-0.03139416,1489714948029,0
2.873042,-12.564771,1.5705963,1.0800097,0.43860126,0.68294734,-1.3674121,-9.312984,2.751163,1489714948242,0
-2.7581203,-11.18571,-4.175488,-3.1813862,0.057421334,0.1685988,-1.6339962,-9.527822,1.6495721,1489714948464,0
-0.4213795,-5.094861,-2.1068976,-1.4953982,-0.86742866,-0.47036624,-0.75208795,-9.292944,-3.0407155,1489714948681,0
0.49799395,-4.711789,-10.304645,0.84421575,-1.0396926,0.07574729,-1.119239,-9.480506,-2.244479,1489714948865,0
-0.8810662,-6.8186865,-1.5705963,-0.15027285,0.44226643,1.1533136,-0.345541,-9.52988,-2.287438,1489714949088,0
-0.5746084,-10.0748005,1.3024458,1.4624114,-0.37507126,0.010995574,-1.0986857,-9.696595,0.9691749,1489714949301,0
-4.711789,-10.726024,-0.38307226,-0.09162979,0.10995574,-0.25289822,-1.6775068,-9.165907,3.056554,1489714949510,0
-0.842759,-4.7500963,-0.9959879,-2.356718,-0.98715824,-0.7733554,-0.5877026,-9.535536,-2.2132697,1489714949711,0
1.0342951,-13.139379,-7.5082164,0.30665436,-0.5546656,0.16371189,-0.5792942,-9.379934,-2.8020759,1489714949911,0
-1.4556746,-7.0102224,-1.7238252,0.24678956,0.2125811,-0.344528,0.117119774,-9.513449,-2.377176,1489714950110,0
0.038307227,-8.542512,-0.7278373,1.8851302,0.021991149,0.3555236,-0.5587623,-9.782673,0.3968472,1489714950311,0
3.9073372,-12.066776,0.842759,0.6243043,0.71593404,0.5314528,-1.3669518,-9.395069,2.4565275,1489714950513,0
-0.91937345,-11.9135475,-2.6048915,-1.8619173,1.4672983,-0.45814893,-1.2279555,-9.729176,0.07517902,1489714950712,0
-1.4556746,-5.209783,-2.2601264,-0.6084218,-0.45204028,-0.172264,-0.30430648,-8.982556,-3.9231982,1489714950913,0
0.5363012,-7.1251445,-8.236053,-1.459968,-0.79045963,-0.25289822,-0.6193658,-9.433742,-2.6060123,1489714951112,0
0.22984336,-7.086837,-0.19153613,2.7733283,1.3329079,0.028099801,-0.08501228,-9.5411005,-2.2650683,1489714951323,0
-0.15322891,-10.151415,-2.3750482,1.5515977,-0.204029,0.3200934,-0.40692076,-9.674708,1.5507492,1489714951521,0
0.4213795,-11.147403,1.2641385,-0.7476991,-0.02321288,0.24312437,-1.3977126,-9.299223,2.7823083,1489714951722,0
0.2681506,-8.925584,-0.11492168,-2.3139575,-0.5363397,-0.47158796,-0.8856898,-9.676488,-1.3234625,1489714951922,0
-1.2258313,-6.895301,-5.66947,-0.15515977,-0.643852,-0.065973446,-0.44240475,-9.170328,-3.4467013,1489714952150,0
-0.80445176,-7.8912888,-2.030283,-1.4306464,0.8698721,-0.80878556,-0.27862114,-9.374629,-2.865147,1489714952351,0
-0.4213795,-7.3549876,-0.15322891,2.0463986,0.16982053,0.58032197,-0.76765174,-9.775473,-0.1457913,1489714952550,0
1.9153614,-12.066776,1.685518,0.7147123,0.36896262,0.47525316,-1.2841914,-9.339041,2.70251,1489714952756,0
0.2681506,-12.488156,0.9576807,-1.7299703,0.35918877,-0.24190263,-1.4510415,-9.673425,0.69978553,1489714952958,0
-1.5705963,-4.711789,-1.6089035,-1.0140363,-0.6462954,-0.33841935,-0.5237179,-9.11985,-3.5671346,1489714953163,0
2.1068976,-5.056554,-8.734048,-0.5131268,-0.5522222,-0.21380283,-0.8702336,-9.532594,-2.13137,1489714953360,0
-0.038307227,-5.66947,-1.7621324,2.941927,1.0091494,0.3885103,-0.22563305,-9.605024,-1.9654552,1489714953561,0
-0.45968673,-8.465898,1.9536686,1.6811012,-0.21380283,0.19914207,-0.8370088,-9.715913,1.0348239,1489714953761,0
-3.3327289,-10.726024,0.7278373,-1.0751228,-0.05497787,0.14172074,-1.4227272,-9.479068,2.072076,1489714953960,0
0.19153613,-7.1634517,-1.6472107,-2.5167649,-0.5900958,-0.72692966,-0.5390949,-9.581266,-2.0196846,1489714954164,0
-1.1875241,-9.270349,-6.588843,1.6212363,-0.28344148,0.2883284,-0.119941264,-9.167874,-3.4793794,1489714954380,0
0.45968673,-7.086837,-1.340753,0.3567453,1.582141,-0.9651671,5.1847094E-4,-9.423012,-2.7161083,1489714954583,0
-0.842759,-6.742072,1.7621324,2.0244074,0.73548174,0.2284636,-0.48964697,-9.791253,0.2489983,1489714954783,0
-0.11492168,-11.492168,0.842759,0.44715336,0.43860126,0.64873886,-1.1347753,-9.342653,2.7563577,1489714954983,0
-2.1068976,-11.645397,-2.1452048,-2.4459045,-0.9761627,-0.007330383,-1.2566245,-9.419966,2.419822,1489714955183,0
-1.8004397,-4.405331,-0.5363012,-1.9938642,-0.9578367,-0.9822713,-0.68896484,-9.4610815,-2.4866965,1489714955383,0
1.4939818,-11.87524,-8.312668,1.921782,0.39828414,0.10140363,-0.39936846,-9.361363,-2.8940914,1489714955584,0
0.11492168,-6.3206925,-0.7278373,0.30298916,-0.8368854,0.46181414,0.15333149,-9.599052,-2.0012732,1489714955787,0
-1.1109096,-8.848969,-1.8387469,1.2938126,0.2125811,0.10140363,-0.48140377,-9.70557,1.3193002,1489714955988,0
1.4556746,-11.33894,1.532289,0.10995574,0.043982297,0.2003638,-1.0681466,-9.382349,2.6459377,1489714956187,0
-0.38307226,-7.8912888,-1.2258313,-2.3909266,1.2241739,-0.84421575,-0.30717504,-9.59302,-2.0124667,1489714956388,0
-0.9576807,-5.171476,-4.060566,1.5870279,-0.42271876,0.052534413,0.14521775,-9.068653,-3.729455,1489714956592,0
-4.213795,-8.121132,-2.1452048,0.04153884,2.2565362,-1.1765264,0.43353522,-9.374759,-2.8454046,1489714956801,0
-0.4213795,-7.0485296,0.19153613,1.6371188,-0.1001819,0.08674286,-0.04283172,-9.803535,-0.24339068,1489714957001,0
1.8770541,-12.028469,1.9153614,0.766025,-0.010995574,0.52778757,-0.72336805,-9.586576,1.9351174,1489714957202,0
-0.45968673,-11.568783,-2.566584,-1.5271631,0.4642576,-0.27977628,-0.8089415,-9.766245,-0.36942092,1489714957402,0
-0.842759,-5.4779334,-1.532289,-0.8173377,-0.6768387,-0.25900686,-0.30069005,-8.774828,-4.368338,1489714957601,0
-0.5746084,-7.0102224,-9.002198,-0.8332202,-0.12095132,-0.3323107,-0.52798545,-9.370399,-2.8438096,1489714957801,0
-0.30645782,-7.1634517,0.8810662,2.3212879,1.4587462,0.32986724,0.014914368,-9.291,-3.1380672,1489714958002,0
0.0,-8.274361,-1.2258313,1.391551,-0.21624629,0.05375614,-0.37613663,-9.797029,0.21711189,1489714958202,0
0.4213795,-13.139379,0.61291564,0.5644395,0.4728097,0.38728857,-0.9445348,-9.661749,1.3888372,1489714958402,0
-2.0685902,-9.193734,-0.9576807,-1.9853121,0.6988298,-0.67073005,-1.143172,-9.695418,-0.92867464,1489714958601,0
-0.9576807,-4.4819455,-2.4516625,-0.49357912,-0.7305948,-0.4007276,-0.3666054,-8.62206,-4.657904,1489714958801,0
-3.7541082,-7.3549876,4.405331,-2.3127358,-1.1533136,-0.7110472,-0.7327318,-9.310025,-2.9928129,1489714959002,0
0.61291564,-8.772355,0.038307227,1.9083431,-0.28344148,0.18081611,-0.5036095,-9.377061,-2.8262224,1489714959221,0
0.61291564,-11.87524,0.6895301,1.5271631,0.23945917,0.27488935,-0.6046984,-9.776399,0.47620472,1489714959421,0
1.1875241,-12.832921,3.0262709,-1.4953982,-1.1178834,0.31887165,-1.1662384,-9.638463,1.3821392,1489714959623,0
-1.0726024,-3.4859576,-0.34476504,-2.3603833,-2.2455406,-0.8368854,-0.7164865,-9.277947,-3.094632,1489714959823,0
3.1028855,-8.504205,-7.3166804,1.754405,0.1001819,0.22968534,-0.5060954,-8.950057,-3.976276,1489714960025,0
0.30645782,-11.951855,2.2601264,-0.030543262,-1.4086553,0.22479841,-0.32012188,-9.208857,-3.3563206,1489714960228,0
-1.340753,-8.121132,-2.336741,1.4514158,0.8723156,0.15515977,-0.40583998,-9.796158,0.20245852,1489714960429,0
-0.45968673,-12.488156,0.842759,-0.8417723,-0.2565634,0.15271631,-1.0417134,-9.659011,1.3374393,1489714960632,0
-0.9959879,-10.649409,-0.4213795,-1.8912388,-0.14660765,-0.24190263,-0.80936235,-9.384099,-2.7302012,1489714960843,0
0.38307226,-5.363012,-2.7964275,-0.18692477,-0.6426302,-0.22479841,-0.40629533,-8.72281,-4.462947,1489714961043,0
2.719813,-9.844957,-0.2681506,-2.4581218,0.68539083,-0.6426302,-1.037375,-9.304644,-2.918533,1489714961263,0
-1.0726024,-7.699753,-1.5705963,1.7421877,-0.029321533,0.18081611,-0.8563883,-9.3176985,-2.9355552,1489714961463,0
3.4859576,-11.262324,1.4556746,1.8032742,-0.1600467,0.12095132,-0.80847883,-9.772432,0.12771131,1489714961663,0
-6.090849,-12.98615,2.336741,-1.4575244,-0.4166101,0.24312437,-1.1369091,-9.656391,1.2774779,1489714961864,0
-1.2641385,-3.9839516,-1.9153614,-1.831374,-0.13927728,-0.51068336,-0.64758974,-9.246572,-3.2018652,1489714962064,0
-2.566584,-14.365211,-6.933608,2.5363126,0.3042109,-0.14538592,-0.2656918,-9.399787,-2.782771,1489714962267,0
1.532289,-7.201759,0.0,1.9779817,1.4172074,0.5864306,0.2076441,-9.294772,-3.1200142,1489714962480,0
1.3024458,-10.036493,-0.5746084,1.59558,0.32253686,0.4447099,0.01044716,-9.751935,1.0344337,1489714962703,0
-0.34476504,-14.058752,1.8770541,-2.1380284,-1.3341297,0.24556783,-0.60703653,-9.74403,0.92507607,1489714962919,0
-1.1875241,-3.9073372,-1.4173675,-2.4630086,-1.3500122,-0.7122689,-0.13625498,-8.853318,-4.2155156,1489714963142,0
-2.336741,-6.0142345,-10.228029,2.941927,-0.29443705,-0.17837265,-0.8559376,-8.833935,-4.171254,1489714963345,0
-0.4213795,-8.236053,-0.6895301,0.14905111,-0.816116,0.31887165,-0.37032765,-9.043772,-3.7740483,1489714963549,0
-0.22984336,-8.848969,-1.3024458,1.8362609,-0.2761111,0.27855456,-0.8198732,-9.77197,-0.0825494,1489714963753,0
0.45968673,-10.496181,2.9879637,-1.0567969,-0.17715092,0.15027285,-1.425397,-9.6029,1.3867052,1489714963961,0
-0.076614454,-5.056554,-1.2641385,-2.669481,-1.3854424,-0.8344419,-0.6348814,-9.255039,-3.1798685,1489714964180,0
1.0342951,-15.629349,-6.0525417,1.4220943,-0.13194689,0.41905355,-0.24164647,-8.640843,-4.6311803,1489714964380,0
-0.5363012,-8.810662,-3.2561142,0.6780604,0.44226643,-0.38973203,0.36156157,-8.895517,-4.1121063,1489714964583,0
0.38307226,-6.3589997,0.6512229,1.7299703,1.7446312,0.08674286,-0.30741936,-9.733871,-1.15223,1489714964783,0
-1.3790601,-13.024457,1.685518,0.45937067,-0.07086037,0.50701815,-1.052038,-9.615116,1.6165226,1489714965004,0
-1.4939818,-9.002198,0.15322891,-2.261423,0.9663888,-0.675617,-1.094362,-9.668333,-1.2231445,1489714965223,0
-0.49799395,-4.7884035,-4.2904096,-0.49357912,-0.8381071,-0.14905111,-0.9206705,-8.290159,-5.1571326,1489714965423,0
-1.9153614,-7.8912888,-3.2944214,-0.98471475,-0.63529986,-0.92485,-0.89736634,-8.845834,-4.1371875,1489714965624,0
0.61291564,-8.465898,0.80445176,1.9010127,-0.40439278,0.3848451,-0.92434776,-9.678491,-1.2817194,1489714965827,0
0.11492168,-12.143391,0.4213795,1.3878858,0.7635816,0.7122689,-1.5453485,-9.611213,1.186125,1489714966042,0
-2.681506,-10.955867,-0.6512229,-3.2510247,-1.2461652,-0.28221974,-1.1203599,-9.588107,-1.7272552,1489714966240,0
-1.5705963,-4.8267107,-0.7661445,-1.8032742,-1.6077974,-1.17897,-0.3160878,-8.25229,-5.2886844,1489714966441,0
-2.030283,-16.931795,0.9576807,1.9596558,-0.784351,0.039095376,-1.2107589,-8.91937,-3.8922102,1489714966668,0
-1.340753,-7.1634517,-2.030283,0.92485,0.9761627,0.5546656,-0.95166755,-9.221349,-3.1986628,1489714966867,0
-0.22984336,-9.921572,1.9919758,1.6517797,-0.095294975,0.08674286,-0.68892235,-9.73876,0.9232322,1489714967067,0
-3.371036,-12.373235,0.22984336,-3.363424,-1.0946705,0.4092797,-1.17296,-9.687731,0.97079587,1489714967270,0
0.11492168,-2.4516625,-0.5363012,-1.9168952,-1.6041322,-0.9663888,-0.77212447,-8.8621645,-4.1275034,1489714967481,0
-1.6472107,-16.472107,-6.9719152,1.9999728,-0.7330383,0.06841691,-1.2542175,-8.892285,-3.9401286,1489714967682,0
0.22984336,-10.113108,0.80445176,0.172264,-0.35185838,0.7257079,-0.82444704,-8.973947,-3.8676827,1489714967910,0
-1.2258313,-9.730036,-0.6895301,1.6652187,-0.61086524,0.14172074,-1.0637041,-9.740231,-0.4084677,1489714968120,0
-0.076614454,-10.036493,0.7661445,-0.39950588,-0.12339478,-0.061086524,-1.7178217,-9.537568,1.5014278,1489714968320,0
0.15322891,-4.673482,-0.30645782,-2.5705209,-1.9730947,-0.9651671,-1.155169,-9.363987,-2.674272,1489714968520,0
3.2561142,-16.357185,-6.244078,0.8503244,-0.6047566,-0.010995574,-1.217464,-8.389173,-4.9305134,1489714968750,0
0.91937345,-12.334928,0.11492168,-0.12095132,-0.24923302,1.2412782,-0.9838731,-8.875219,-4.053749,1489714968952,0
0.38307226,-7.8146744,0.076614454,1.5063937,0.111177474,-0.08674286,-1.1855061,-9.708893,-0.7087895,1489714969158,0
-0.91937345,-14.211981,1.0726024,0.04886922,-0.15882497,-0.16493362,-1.803172,-9.513842,1.5510564,1489714969361,0
0.49799395,-8.121132,-0.45968673,-2.5925121,-0.97249746,-0.893085,-1.4424182,-9.435113,-2.2513196,1489714969587,0
-0.91937345,-5.3247046,-4.903325,0.33108896,-0.6780604,-0.15882497,-1.1824006,-8.48382,-4.774632,1489714969801,0
-0.15322891,-4.7500963,-2.7964275,0.09896017,0.31642818,-0.516792,-1.1223358,-9.056265,-3.5909364,1489714970025,0
-0.30645782,-7.8912888,-0.2681506,1.6578883,-0.014660766,0.49968776,-0.8257941,-9.735854,-0.83761406,1489714970230,0
3.5625722,-12.756307,1.1875241,0.34697145,0.21013765,0.42638394,-1.4033554,-9.5405655,1.7828543,1489714970431,0
-0.7278373,-12.373235,-2.1068976,-2.4801128,1.237613,-0.75747293,-1.2478777,-9.67608,-0.99331576,1489714970630,0
-1.0726024,-4.596867,-1.4556746,-0.23945917,-0.37507126,-0.15271631,-0.45679596,-8.66916,-4.561513,1489714970830,0
0.22984336,-8.848969,-6.588843,-2.0732768,-0.52778757,-1.0030408,-0.6153861,-9.292654,-3.0721776,1489714971041,0
0.6512229,-7.431602,-1.9153614,2.0427334,0.376293,0.5326745,-0.23615853,-9.519232,-2.344967,1489714971243,0
-1.1875241,-9.040505,-1.9536686,1.3903292,0.12339478,0.019547688,-0.03328297,-9.790058,0.5692615,1489714971467,0
-3.4093432,-10.764331,0.45968673,0.09285152,0.089186326,-0.22113322,-0.726317,-9.414092,2.6491046,1489714971662,0
0.0,-4.4436383,-1.2258313,-3.1068606,-1.7629571,-0.6914995,-0.43194735,-9.716917,-1.2511312,1489714971862,0
0.0,-9.844957,-6.7803793,0.4288274,-0.42149702,0.13439035,-0.5066145,-8.845247,-4.2042017,1489714972063,0
-0.7278373,-8.772355,-1.1875241,-0.09162979,0.20769419,-0.12339478,-0.22396103,-9.306598,-3.0834231,1489714972263,0
-0.61291564,-7.431602,0.45968673,2.172237,-0.20158553,0.40194935,-0.3915598,-9.697087,-1.4083941,1489714972463,0
2.1452048,-12.411542,1.2258313,1.1252137,0.8894198,0.41050145,-1.0132365,-9.460046,2.3772404,1489714972667,0
-1.4939818,-12.334928,-3.1411927,-3.1569517,-1.3866642,-0.036651913,-0.8786168,-9.762916,-0.28965837,1489714972867,0
-1.2258313,-4.7884035,-1.8770541,-0.2919936,-0.625526,-0.30909783,-0.02445435,-8.903545,-4.110558,1489714973071,0
2.528277,-5.171476,-9.11712,-2.2284365,-0.7965683,-0.56077427,-0.3025757,-9.423128,-2.6987967,1489714973271,0
0.80445176,-8.734048,2.336741,2.9480357,1.2632693,0.0061086523,0.077648476,-9.544787,-2.2497504,1489714973472,0
-0.5363012,-9.270349,-2.681506,2.1087067,0.6059783,0.17959438,-0.18923166,-9.714427,1.3283461,1489714973681,0
-2.719813,-9.576807,0.7661445,-1.672549,-0.7806858,-0.030543262,-0.899813,-9.496666,2.2746584,1489714973880,0
-0.6895301,-6.4739213,-0.5746084,-3.1068606,-1.6053538,-0.60231316,-0.31982496,-9.371704,-2.8704162,1489714974109,0
-1.532289,-17.774553,-4.4819455,2.0024164,0.7367035,-0.24312437,-0.048051793,-9.246351,-3.2669683,1489714974319,0
0.0,-10.802638,0.61291564,0.82833326,-0.39828414,-0.40317106,0.773478,-9.390207,-2.719584,1489714974521,0
-0.5746084,-8.465898,-3.3327289,1.9620992,2.557082,0.14294247,0.29141164,-9.761418,0.89452803,1489714974748,0
0.6895301,-12.717999,2.1452048,0.111177474,0.29565877,0.19547687,-0.79825616,-9.293229,3.0280445,1489714974949,0
-1.7621324,-8.00621,0.61291564,-2.4764478,-0.3115413,-0.5644395,-0.19100831,-9.662378,-1.6650445,1489714975149,0
-1.532289,-6.9719152,-5.363012,-0.13561209,-0.7415904,-0.13561209,0.32504356,-9.301437,-3.0899856,1489714975350,0
-3.2944214,-6.2823853,-3.3327289,-0.2406809,0.030543262,-0.8381071,0.9565543,-9.505711,-2.2128851,1489714975561,0
0.30645782,-7.086837,0.80445176,1.8851302,-0.12461651,0.5925393,0.49862203,-9.785272,-0.4125424,1489714975787,0
-0.5363012,-12.488156,0.91937345,1.500285,0.5143485,0.59742624,-0.90112,-9.61371,1.7131712,1489714975987,0
-2.681506,-10.955867,-1.1109096,-2.3726006,-1.831374,-0.087964594,-0.4375123,-9.791269,-0.33173195,1489714976187,0
-0.19153613,-3.4093432,-2.183512,-3.4208453,-2.4581218,-0.40439278,-0.14236996,-8.647759,-4.6223783,1489714976388,0
-0.22984336,-7.431602,-9.691729,-1.1972959,0.72326446,-0.7892379,-0.28988838,-9.047568,-3.7719865,1489714976592,0
0.80445176,-8.00621,-1.1875241,2.298075,0.4728097,0.75747293,0.40151775,-9.406486,-2.7435763,1489714976791,0
1.1875241,-10.955867,0.38307226,0.6096435,0.17104226,0.408058,-0.02817834,-9.75091,1.0437188,1489714977001,0
-5.66947,-11.453861,-0.30645782,-2.5729644,-1.2168436,-0.09162979,-0.5113272,-9.737648,1.0426658,1489714977202,0
-0.34476504,-3.86903,-1.6472107,-2.3286183,-1.627345,-0.6450737,-0.48171094,-9.314565,-3.0293975,1489714977401,0
-0.9576807,-16.510414,-7.393295,1.8203784,0.31887165,-0.23945917,-0.16536884,-9.313638,-3.0658116,1489714977601,0
1.4173675,-8.695741,-2.2218192,0.15027285,0.3933972,-0.24678956,0.7050845,-9.328952,-2.940049,1489714977802,0
0.30645782,-7.776367,0.6512229,2.067168,0.61453044,0.33964106,-0.060881462,-9.805437,0.1418167,1489714978002,0
-0.5363012,-12.679692,-0.9959879,1.2351695,0.59864795,0.70005155,-0.8717051,-9.4220085,2.576098,1489714978202,0
-4.175488,-10.572795,0.8810662,-3.5918877,-1.3891076,0.16371189,-0.6026511,-9.776881,-0.4688158,1489714978404,0
-0.91937345,-4.673482,-2.9496565,-1.3842206,-0.9761627,-0.7696902,-0.03582564,-9.159915,-3.502149,1489714978601,0
-1.0342951,-13.40753,-4.711789,0.3005457,-0.172264,-0.25534168,0.05424217,-9.475754,-2.5253787,1489714978802,0
-1.4556746,-6.5122285,-2.183512,0.27977628,0.86009824,1.0372492,0.553428,-9.344207,-2.924024,1489714979001,0
0.038307227,-8.772355,3.4859576,1.2669345,-0.06352998,0.13683382,0.09948972,-9.78974,0.56700844,1489714979220,0
-4.596867,-11.87524,1.4556746,-0.19058995,-0.08307768,-0.30665436,-0.67808807,-9.417924,2.6482658,1489714979423,0
-0.2681506,-2.336741,-1.0726024,-2.806315,-0.36163223,-0.5338962,-0.09867694,-9.622211,-1.890423,1489714979623,0
-2.030283,-15.552734,-6.3206925,1.4929546,0.007330383,0.09162979,-0.38962448,-9.074517,-3.6975265,1489714979824,0
2.030283,-10.879252,-3.7541082,-0.64996064,2.6096163,-0.83077675,0.41711658,-9.215247,-3.3280077,1489714980035,0
-0.842759,-8.695741,-0.91937345,1.6065756,-0.21868975,0.22602014,0.03705606,-9.770993,0.8347078,1489714980238,0
0.61291564,-12.220005,2.6431987,-0.752586,-0.039095376,0.02687807,-0.9136361,-9.356138,2.792554,1489714980440,0
-0.91937345,-7.1251445,0.5746084,-2.538756,-0.6267477,-0.5009095,-0.11422873,-9.637942,-1.807601,1489714980641,0
-0.61291564,-4.367024,-3.1794999,-0.30787608,-0.643852,-0.18325958,0.25684595,-8.920322,-4.06599,1489714980841,0
-2.1068976,-5.056554,-5.094861,-1.1618657,-0.20891592,-1.0836749,0.114188395,-9.454266,-2.602735,1489714981062,0
0.38307226,-7.967903,0.61291564,1.7751744,-0.32375857,0.61208695,0.67202514,-9.655495,-1.5780334,1489714981263,0
0.5363012,-12.5264635,1.8004397,0.82833326,0.8735373,0.58032197,-0.2450576,-9.590682,2.0320296,1489714981462,0
-3.0262709,-12.679692,0.61291564,-3.5149186,-0.73548174,0.0012217305,-0.5508344,-9.653374,1.6368659,1489714981663,0
-1.1492168,-3.4859576,-0.842759,-1.6823229,-1.1887437,-0.78801614,0.2066466,-8.969998,-3.9581306,1489714981862,0
-2.1452048,-17.27656,0.34476504,-0.47158796,-0.12461651,-0.8368854,0.27241525,-9.3859415,-2.8284757,1489714982063,0
-0.22984336,-6.167464,-2.2984335,1.2925909,1.9828686,0.2125811,0.64259064,-9.6628275,-1.5450653,1489714982267,0
0.22984336,-9.423578,2.2984335,1.4086553,0.26145032,0.21746802,0.07071137,-9.683027,1.5506006,1489714982470,0
-4.405331,-12.028469,-0.842759,-2.7525587,-1.128879,0.21135938,-0.62472355,-9.680005,1.4414021,1489714982671,0
0.076614454,-4.596867,-0.6512229,-2.1331415,-1.5393804,-0.9602802,0.031908467,-9.183964,-3.4386306,1489714982871,0
0.49799395,-14.211981,-7.776367,1.6468927,0.39950588,0.16249016,-0.08017682,-9.274991,-3.184103,1489714983073,0
0.19153613,-13.101071,1.1875241,-0.27977628,-1.0201449,0.73914695,0.5946315,-9.194746,-3.3575995,1489714983282,0
0.19153613,-7.5848308,-0.34476504,1.2791518,0.05497787,0.15760323,0.1203779,-9.80405,-0.1910922,1489714983482,0
-1.1875241,-14.173674,0.15322891,0.48380527,0.119729586,0.06963864,-0.77438366,-9.507613,2.2750885,1489714983704,0
-1.9536686,-8.465898,0.6512229,-3.4232888,-0.9016371,0.13194689,-0.5372896,-9.746294,0.94418114,1489714983905,0
-1.1109096,-5.861006,-2.1452048,-1.5552629,-1.1728612,-0.30909783,0.2129995,-9.071726,-3.7187111,1489714984104,0
-2.9113493,-19.651608,5.592855,0.7110472,-0.25045475,0.028099801,0.048991997,-9.242451,-3.277975,1489714984302,0
-0.9959879,-6.8186865,-2.1068976,0.90041536,1.4758505,0.99082345,0.67778146,-9.140089,-3.4885197,1489714984504,0
0.076614454,-10.304645,-0.5746084,1.6383406,0.015882496,0.13072516,0.25901508,-9.683054,1.5302871,1489714984705,0
-4.7884035,-10.879252,-1.2258313,-0.39584067,0.09773844,0.21135938,-0.5468503,-9.511891,2.3227744,1489714984908,0
-0.22984336,-4.060566,0.038307227,-2.4263568,-0.43127087,-0.46792278,0.24781507,-9.4377575,-2.6528702,1489714985108,0
4.060566,-16.16565,-7.0485296,0.8906415,-0.112399206,0.10995574,0.28366905,-9.476983,-2.5053391,1489714985310,0
0.22984336,-6.8186865,-2.6431987,-0.20891592,0.43493605,-0.40561453,1.2742189,-9.420707,-2.407703,1489714985510,0
0.6512229,-6.8186865,0.842759,1.6615535,0.5888741,0.16737708,0.34438306,-9.760452,0.88620126,1489714985712,0
-2.1452048,-13.254301,0.30645782,0.11728613,0.056199603,-0.20891592,-0.53336716,-9.254206,3.2008746,1489714985920,0
-2.2984335,-9.500193,-0.6512229,-3.222925,-1.359786,-1.1276573,0.20605887,-9.737881,-1.1408842,1489714986120,0
-0.9959879,-5.056554,-3.1411927,0.7635816,-0.29565877,0.2846632,0.49158233,-8.963366,-3.9480152,1489714986320,0
-4.903325,-14.480132,5.439626,-0.05375614,1.3182472,-0.1966986,0.58991706,-9.410079,-2.6968167,1489714986523,0
0.6895301,-8.6574335,-0.19153613,2.0476203,0.66339964,0.535118,0.5423755,-9.741076,-0.99381524,1489714986743,0
-0.4213795,-8.695741,1.5705963,1.582141,-0.36651915,0.10262536,0.27516982,-9.714487,1.3127844,1489714986944,0
0.34476504,-13.828909,2.6431987,-0.79168135,-0.4129449,0.007330383,-0.43690673,-9.286541,3.1208432,1489714987143,0
0.5363012,-2.4899697,-0.2681506,-2.2223277,-1.6554449,-0.79045963,0.593195,-9.306399,-3.0347033,1489714987347,0
2.4516625,-19.306843,-6.205771,1.3109168,-0.07941248,0.18692477,0.30400398,-9.542305,-2.2410688,1489714987550,0
-1.6472107,-9.193734,-1.532289,-0.643852,-1.8680259,0.17470746,0.6838509,-9.346557,-2.8887043,1489714987752,0
0.4213795,-6.7803793,1.1875241,1.7434094,0.8503244,0.06352998,0.34852967,-9.730566,1.1683302,1489714987952,0
1.1875241,-12.947843,4.8267107,-0.19425514,0.06719518,-0.36651915,-0.5245368,-9.162305,3.456504,1489714988161,0
0.076614454,-5.93762,-0.19153613,-3.12763,-3.345098,-1.0531317,0.36634356,-9.667379,-1.6056007,1489714988387,0
1.7621324,-14.480132,-9.5385,0.9896017,-0.6218608,0.39095375,-0.10349457,-8.696742,-4.5306044,1489714988600,0
-0.5746084,-11.300632,1.7621324,-1.7800614,0.37140608,-0.28710666,0.46509737,-9.102631,-3.618865,1489714988802,0
-0.7278373,-7.5465236,-2.1452048,2.371379,0.72692966,0.8686504,0.32260698,-9.741751,-1.0791715,1489714989003,0
2.4133554,-12.871228,0.15322891,1.4208726,0.10629055,0.4092797,0.05021423,-9.52251,2.3430095,1489714989220,0
2.183512,-13.637373,0.4213795,-3.2950072,-1.5992452,0.23823744,-0.46660015,-9.57969,2.045051,1489714989423,0
-1.532289,-5.4779334,-1.4939818,-2.094046,-1.7067575,-0.84665924,0.26194736,-9.242765,-3.2669642,1489714989622,0
3.3327289,-5.2480903,-9.423578,1.9205604,0.44959682,-0.089186326,0.32903907,-9.431518,-2.6661966,1489714989823,0
0.5363012,-7.6614456,0.0,-0.50823987,-1.0250319,1.7605137,0.91175973,-9.3470335,-2.8234816,1489714990023,0
-1.2258313,-10.036493,0.4213795,1.5076154,0.009773844,0.12705997,0.29449296,-9.605257,1.9551731,1489714990227,0
-0.80445176,-8.848969,1.1109096,-0.27488935,-0.032986723,-0.095294975,-0.26438043,-9.601869,1.9760165,1489714990427,0
0.45968673,-5.93762,0.038307227,-2.4471262,-2.8735101,-0.9773844,0.5565505,-9.233455,-3.2563725,1489714990628,0
-1.0342951,-9.385271,-7.3549876,2.3408356,0.81245077,0.27488935,0.46356386,-9.288524,-3.11108,1489714990832,0
-0.5746084,-7.086837,-3.7924154,-0.1600467,0.6010914,-0.28099802,0.66094524,-9.203529,-3.3209326,1489714991043,0
0.30645782,-8.6574335,-0.5363012,1.9339994,0.036651913,0.06841691,0.52269524,-9.698485,-1.3551886,1489714991263,0
-1.1875241,-13.867216,-0.11492168,1.102001,0.72082096,0.7476991,0.27136254,-9.640492,1.776984,1489714991469,0
-4.2521024,-8.6574335,-0.4213795,-2.9932396,0.12095132,-1.0360274,0.28134996,-9.68924,-1.4865586,1489714991674,0
1.1109096,-6.090849,-4.7884035,0.028099801,-0.90041536,-0.008552114,0.46201518,-8.688705,-4.5236416,1489714991881,0
-3.0262709,-11.683704,0.7278373,-1.6615535,0.5180137,-0.752586,0.016181612,-9.212764,-3.3608203,1489714992080,0
-1.1492168,-6.397307,-3.1028855,1.6420058,-0.1881465,-0.043982297,0.045989014,-9.379528,-2.8622966,1489714992280,0
-2.183512,-10.534488,0.91937345,1.3903292,0.004886922,-0.080634214,0.91717213,-9.728336,0.8298498,1489714992481,0
1.8004397,-10.572795,0.34476504,0.05375614,-0.018325957,-0.29443705,0.88841194,-9.531796,2.1274374,1489714992708,0
-2.528277,-4.596867,2.9879637,-0.15149458,0.9211848,-1.6603317,1.292492,-9.694832,-0.7142117,1489714992920,0
3.217807,-9.768343,5.363012,3.4574974,3.5589008,-2.9578094,2.694551,-9.10766,2.4413774,1489714993120,0
-6.8569937,-4.3287168,10.572795,4.3542476,0.71837753,-4.7293186,1.0319649,-5.637876,7.9573736,1489714993320,0
-0.076614454,2.6431987,15.05474,1.2388347,0.8686504,-0.2321288,0.75242984,3.360712,9.182039,1489714993521,0
4.596867,0.5746084,8.312668,-0.21624629,-0.41783184,-1.5491543,0.20997575,4.003195,8.949901,1489714993721,0
1.1492168,2.6431987,9.078813,-0.15149458,-0.3567453,-0.2565634,1.5898534,1.5007396,9.55984,1489714993949,0
0.9576807,3.2944214,9.078813,-0.6450737,0.19792034,-0.30665436,0.6658891,2.2340078,9.525554,1489714994159,0
-0.34476504,5.554548,9.844957,0.1160644,0.31764993,0.042760566,0.5410981,2.169265,9.548398,1489714994372,0
2.9113493,2.4516625,11.87524,-0.3933972,0.5290093,-0.0012217305,0.1689043,2.1650207,9.563187,1489714994581,0
-0.11492168,0.076614454,8.082825,-0.3213151,-0.39461896,-0.82833326,-0.43645763,1.9969994,9.59124,1489714994780,0
0.5363012,1.7621324,8.810662,0.625526,-0.013439035,-0.31520647,-0.06009739,1.8871477,9.623174,1489714994980,0
0.038307227,3.6774938,9.921572,0.90285885,0.7171558,-0.18081611,-0.85805523,2.7477434,9.374648,1489714995182,0
-0.45968673,3.6774938,9.193734,0.5705481,0.46303585,0.3481932,-1.3436961,3.1429882,9.191654,1489714995386,0
-1.5705963,0.4213795,10.572795,-0.07819075,0.036651913,0.3371976,-0.3980882,2.1285405,9.564582,1489714995598,0
-1.0726024,1.532289,10.228029,-0.41416663,-0.008552114,-0.21380283,-0.6403868,1.6168447,9.651224,1489714995812,0
-1.6472107,1.9919758,8.887277,0.119729586,0.21868975,0.10140363,-1.0312772,1.5319085,9.631206,1489714996026,0
-0.91937345,2.030283,9.270349,0.012217305,-0.004886922,0.04886922,-1.1985476,1.4438586,9.625442,1489714996239,0
-1.4939818,2.1452048,10.151415,0.15882497,0.057421334,-0.0036651916,-1.3086385,1.706406,9.567968,1489714996460,0
